도시,월,일,계절,오전날씨,오후날씨,기온,풍속,강수량
가고시마,1,1,겨울,쾌청,쾌청,7.8,2.6,0
가고시마,1,2,겨울,흐림,비,11.7,2.3,9.5
가고시마,1,3,겨울,흐림,맑음,15.3,2,0.5
가고시마,1,4,겨울,다소흐림,맑음,14,3.2,0
가고시마,1,5,겨울,흐림,흐림,13.8,3.6,2
가고시마,1,6,겨울,비,비,11.4,3.6,14.5
가고시마,1,7,겨울,맑음,흐림,10,3.6,0
가고시마,1,8,겨울,비,비,8.9,2.7,0.5
가고시마,1,9,겨울,흐림,맑음,8.2,3.1,0
가고시마,1,10,겨울,흐림,흐림,8.9,3,0
가고시마,1,11,겨울,비,비,8.9,2.5,6
가고시마,1,12,겨울,맑음,흐림,8.5,3.2,2
가고시마,1,13,겨울,흐림,흐림,7.2,2.8,1
가고시마,1,14,겨울,흐림,흐림,7.4,2.7,0.5
가고시마,1,15,겨울,흐림,흐림,7.2,2.6,0
가고시마,1,16,겨울,쾌청,쾌청,8.8,3,0
가고시마,1,17,겨울,흐림,비,11.6,3.6,14
가고시마,1,18,겨울,비,맑음,10.5,6.5,2
가고시마,1,19,겨울,진눈깨비,맑음,5.9,7.2,3
가고시마,1,20,겨울,맑음,맑음,5,4.7,0
가고시마,1,21,겨울,흐림,비,5.1,3,0
가고시마,1,22,겨울,맑음,흐림,7.7,3.2,0
가고시마,1,23,겨울,흐림,흐림,7.3,4.4,0
가고시마,1,24,겨울,눈,눈,-0.4,4.9,16
가고시마,1,25,겨울,흐림,흐림,0.7,2.5,0
가고시마,1,26,겨울,맑음,비,5.1,2.2,0.5
가고시마,1,27,겨울,흐림,흐림,8.5,2.2,0
가고시마,1,28,겨울,흐림,흐림,12.2,2.1,1
가고시마,1,29,겨울,비,비,15.6,2.3,85.5
가고시마,1,30,겨울,흐림,다소흐림,14.2,3.1,0.5
가고시마,1,31,겨울,쾌청,맑음,11.3,3.4,0
가고시마,2,1,겨울,비,비,8.5,2.9,0
가고시마,2,2,겨울,흐림,다소흐림,7.4,4.1,0
가고시마,2,3,겨울,맑음,맑음,7,3.8,0
가고시마,2,4,겨울,맑음,맑음,7.7,3.8,0
가고시마,2,5,겨울,다소흐림,다소흐림,8.9,3,0
가고시마,2,6,겨울,흐림,맑음,7,4.3,0
가고시마,2,7,겨울,맑음,맑음,6.9,3.3,0
가고시마,2,8,겨울,쾌청,맑음,7.2,3.4,0
가고시마,2,9,겨울,흐림,쾌청,10.8,4.3,0
가고시마,2,10,겨울,쾌청,맑음,9.9,3.2,0
가고시마,2,11,겨울,쾌청,다소흐림,12,3.1,0
가고시마,2,12,겨울,비,비,16.7,4.4,1
가고시마,2,13,겨울,비,비,19,4.9,20
가고시마,2,14,겨울,비,흐림,12.8,5.1,0.5
가고시마,2,15,겨울,비,비,5.9,6,0
가고시마,2,16,겨울,비,흐림,4.6,2.1,3.5
가고시마,2,17,겨울,쾌청,맑음,7.8,3.3,1.5
가고시마,2,18,겨울,다소흐림,다소흐림,8.3,2.4,0
가고시마,2,19,겨울,다소흐림,흐림,11.6,3,0.5
가고시마,2,20,겨울,비,흐림,12.7,4.9,55.5
가고시마,2,21,겨울,쾌청,맑음,9.4,4.5,0
가고시마,2,22,겨울,흐림,비,9.4,2.8,10.5
가고시마,2,23,겨울,비,비,11.2,4.9,22
가고시마,2,24,겨울,맑음,맑음,8.7,4.4,0
가고시마,2,25,겨울,흐림,맑음,7.2,3.6,0
가고시마,2,26,겨울,맑음,다소흐림,7.8,3.3,0
가고시마,2,27,겨울,흐림,흐림,10.2,2.4,0
가고시마,2,28,겨울,맑음,맑음,12.2,2.4,0
가고시마,2,29,겨울,맑음,비,9.1,5.9,0
가고시마,3,1,봄,흐림,쾌청,5.4,4.6,0
가고시마,3,2,봄,쾌청,맑음,7.8,2.8,0
가고시마,3,3,봄,쾌청,쾌청,10.8,2.7,0
가고시마,3,4,봄,맑음,맑음,14.9,2.8,0
가고시마,3,5,봄,맑음,맑음,17.4,3.5,0
가고시마,3,6,봄,비,흐림,18.8,2.2,0
가고시마,3,7,봄,쾌청,맑음,19,2.7,0
가고시마,3,8,봄,쾌청,쾌청,17.1,2.5,0
가고시마,3,9,봄,비,맑음,15.9,4.5,66.5
가고시마,3,10,봄,흐림,흐림,11.7,3.9,0
가고시마,3,11,봄,맑음,맑음,9.5,4.2,0
가고시마,3,12,봄,쾌청,쾌청,9,3.8,0
가고시마,3,13,봄,흐림,흐림,10.3,3,4
가고시마,3,14,봄,비,쾌청,11.5,5.6,22
가고시마,3,15,봄,쾌청,쾌청,10.6,3.2,0
가고시마,3,16,봄,다소흐림,흐림,12.5,2.8,1.5
가고시마,3,17,봄,쾌청,맑음,15.6,3.4,0
가고시마,3,18,봄,비,비,16.7,3,87.5
가고시마,3,19,봄,흐림,흐림,17.6,3.4,0.5
가고시마,3,20,봄,쾌청,맑음,15.4,3.7,0
가고시마,3,21,봄,맑음,맑음,13.8,3,0
가고시마,3,22,봄,쾌청,다소흐림,14.5,2.8,0
가고시마,3,23,봄,비,비,13.5,2.8,4.5
가고시마,3,24,봄,맑음,맑음,14,4.5,0
가고시마,3,25,봄,흐림,흐림,11,3.3,0
가고시마,3,26,봄,쾌청,맑음,12.3,3.5,0
가고시마,3,27,봄,흐림,맑음,11.6,3.9,0
가고시마,3,28,봄,쾌청,맑음,12.1,3.5,0
가고시마,3,29,봄,맑음,다소흐림,13.7,2.6,0
가고시마,3,30,봄,흐림,비,14.5,2,3
가고시마,3,31,봄,비,비,14.5,2.7,32.5
가고시마,4,1,봄,흐림,흐림,17.6,4,0.5
가고시마,4,2,봄,다소흐림,흐림,18.9,2.8,0
가고시마,4,3,봄,흐림,흐림,19.7,2.7,5
가고시마,4,4,봄,비,흐림,18.8,3.5,20.5
가고시마,4,5,봄,다소흐림,흐림,17.1,3.2,0
가고시마,4,6,봄,흐림,흐림,17.3,2,1
가고시마,4,7,봄,비,비,21.4,4.9,14
가고시마,4,8,봄,비,비,17.5,2.2,2.5
가고시마,4,9,봄,흐림,흐림,17.9,1.7,0
가고시마,4,10,봄,비,비,17.1,2.2,7.5
가고시마,4,11,봄,다소흐림,맑음,18.1,2.6,0
가고시마,4,12,봄,흐림,흐림,17.6,3.6,0
가고시마,4,13,봄,흐림,흐림,18.2,2.1,1.5
가고시마,4,14,봄,쾌청,다소흐림,21.4,4.2,0
가고시마,4,15,봄,맑음,맑음,19.8,3,0
가고시마,4,16,봄,맑음,흐림,19.1,4.8,11
가고시마,4,17,봄,맑음,쾌청,18.9,5.8,45
가고시마,4,18,봄,비,비,14.4,2.9,0
가고시마,4,19,봄,쾌청,쾌청,16.6,3.8,0
가고시마,4,20,봄,다소흐림,쾌청,18.4,4,0
가고시마,4,21,봄,흐림,비,20.9,5,74.5
가고시마,4,22,봄,다소흐림,쾌청,20.1,3.2,0
가고시마,4,23,봄,흐림,비,15.5,2.8,14
가고시마,4,24,봄,비,비,15.4,2.9,48
가고시마,4,25,봄,흐림,비,17.7,2.6,26
가고시마,4,26,봄,흐림,흐림,20.7,2.5,5
가고시마,4,27,봄,비,비,19.6,2.1,25.5
가고시마,4,28,봄,비,맑음,18.7,4.8,1
가고시마,4,29,봄,쾌청,쾌청,18.2,4.2,0
가고시마,4,30,봄,쾌청,맑음,18.4,2.9,0
가고시마,5,1,봄,쾌청,맑음,19.8,2.5,0
가고시마,5,2,봄,다소흐림,다소흐림,21,3.8,0
가고시마,5,3,봄,흐림,비,20.2,6.1,35.5
가고시마,5,4,봄,쾌청,맑음,19.4,3.8,0
가고시마,5,5,봄,맑음,다소흐림,20.7,2.3,0
가고시마,5,6,봄,비,흐림,19.2,2.7,33.5
가고시마,5,7,봄,흐림,다소흐림,21.7,3.1,1
가고시마,5,8,봄,비,비,18.5,2,29
가고시마,5,9,봄,흐림,비,20.9,1.4,67.5
가고시마,5,10,봄,비,비,22.1,3.4,88.5
가고시마,5,11,봄,흐림,맑음,20.1,4.6,0
가고시마,5,12,봄,쾌청,맑음,20.6,2.7,0
가고시마,5,13,봄,맑음,맑음,21.4,2.8,0
가고시마,5,14,봄,맑음,흐림,21.9,2.5,0
가고시마,5,15,봄,흐림,흐림,23.8,2,0
가고시마,5,16,봄,비,흐림,19.8,4.9,28.5
가고시마,5,17,봄,다소흐림,맑음,19,2.9,0
가고시마,5,18,봄,다소흐림,맑음,21.1,2.7,0
가고시마,5,19,봄,다소흐림,다소흐림,23.3,4.5,0
가고시마,5,20,봄,쾌청,다소흐림,23.8,4.9,0
가고시마,5,21,봄,다소흐림,흐림,23.7,3.3,0
가고시마,5,22,봄,흐림,흐림,23.8,3,0
가고시마,5,23,봄,흐림,맑음,24.1,4.3,0
가고시마,5,24,봄,다소흐림,흐림,23.4,2.6,3
가고시마,5,25,봄,비,비,24.1,1.4,8
가고시마,5,26,봄,흐림,흐림,24.8,2.5,0
가고시마,5,27,봄,흐림,다소흐림,23.1,2.7,5
가고시마,5,28,봄,비,비,20.6,1.5,16
가고시마,5,29,봄,비,비,22.1,1.4,27
가고시마,5,30,봄,흐림,맑음,23.7,4,0
가고시마,5,31,봄,다소흐림,맑음,23.6,2.6,0
가고시마,6,1,여름,비,흐림,21.1,2.2,1.5
가고시마,6,2,여름,쾌청,쾌청,22,2.7,0
가고시마,6,3,여름,흐림,다소흐림,22.6,3.2,0
가고시마,6,4,여름,비,흐림,21.3,2.4,10.5
가고시마,6,5,여름,비,비,21.7,2,2
가고시마,6,6,여름,흐림,흐림,23.2,1.6,1
가고시마,6,7,여름,흐림,맑음,24.6,2.2,0
가고시마,6,8,여름,다소흐림,다소흐림,24.5,2.1,0
가고시마,6,9,여름,다소흐림,흐림,25.7,2.4,0
가고시마,6,10,여름,다소흐림,다소흐림,26.4,2,0
가고시마,6,11,여름,흐림,흐림,26.3,2.4,0
가고시마,6,12,여름,비,흐림,24.3,1.7,37.5
가고시마,6,13,여름,비,흐림,23.8,1.6,56
가고시마,6,14,여름,맑음,맑음,25.8,2.2,0
가고시마,6,15,여름,다소흐림,다소흐림,25.9,2.3,2
가고시마,6,16,여름,비,비,24.1,2.6,91
가고시마,6,17,여름,비,흐림,23.7,2.2,0.5
가고시마,6,18,여름,흐림,흐림,25.2,2.2,0
가고시마,6,19,여름,흐림,흐림,25.6,2.8,172.5
가고시마,6,20,여름,흐림,흐림,27.2,4,17
가고시마,6,21,여름,비,비,27,4.3,40
가고시마,6,22,여름,흐림,흐림,28.8,3.6,1.5
가고시마,6,23,여름,흐림,맑음,27.8,4,1.5
가고시마,6,24,여름,흐림,흐림,29.1,4.5,1
가고시마,6,25,여름,흐림,흐림,23,3.4,2.5
가고시마,6,26,여름,맑음,맑음,23.6,3.2,0
가고시마,6,27,여름,비,비,20.9,1.8,101.5
가고시마,6,28,여름,비,비,26.3,3.2,60
가고시마,6,29,여름,비,비,24.7,2.5,104.5
가고시마,6,30,여름,비,흐림,24.1,1.6,70
가고시마,7,1,여름,흐림,흐림,26.4,2.4,0.5
가고시마,7,2,여름,흐림,흐림,28.3,3.7,3.5
가고시마,7,3,여름,흐림,맑음,29.8,3.4,3
가고시마,7,4,여름,흐림,맑음,29.2,2.7,0
가고시마,7,5,여름,맑음,맑음,29.4,2.7,0
가고시마,7,6,여름,쾌청,쾌청,29.4,2.5,0
가고시마,7,7,여름,다소흐림,흐림,27.7,2.9,4
가고시마,7,8,여름,비,비,25.1,3.2,162.5
가고시마,7,9,여름,흐림,비,26.1,2,85
가고시마,7,10,여름,흐림,비,26.3,2.8,69.5
가고시마,7,11,여름,흐림,비,27.4,2.3,42
가고시마,7,12,여름,흐림,흐림,29.4,4.3,18
가고시마,7,13,여름,흐림,흐림,29.1,5.1,16.5
가고시마,7,14,여름,비,흐림,28,5.3,36
가고시마,7,15,여름,쾌청,맑음,27.8,2.8,0
가고시마,7,16,여름,비,흐림,28.6,2.7,14
가고시마,7,17,여름,맑음,흐림,28.8,3.3,15.5
가고시마,7,18,여름,쾌청,맑음,28.9,2.4,0
가고시마,7,19,여름,맑음,맑음,29.5,2.4,0
가고시마,7,20,여름,흐림,흐림,27.9,2.3,23.5
가고시마,7,21,여름,다소흐림,다소흐림,28.8,3.2,0
가고시마,7,22,여름,다소흐림,맑음,29.5,3.2,0
가고시마,7,23,여름,맑음,다소흐림,29.4,2.9,0
가고시마,7,24,여름,흐림,흐림,28.6,2.6,0
가고시마,7,25,여름,맑음,맑음,29.1,3.1,0
가고시마,7,26,여름,다소흐림,다소흐림,28.8,3,0
가고시마,7,27,여름,맑음,맑음,29.1,2.6,0
가고시마,7,28,여름,맑음,맑음,29.8,2.6,0
가고시마,7,29,여름,다소흐림,맑음,29.8,3.1,0
가고시마,7,30,여름,맑음,맑음,29.7,3.3,0
가고시마,7,31,여름,맑음,맑음,29.8,3.2,0
가고시마,8,1,여름,맑음,맑음,30.1,2.5,0
가고시마,8,2,여름,쾌청,다소흐림,30,2.6,0
가고시마,8,3,여름,다소흐림,흐림,28.8,2.4,4
가고시마,8,4,여름,다소흐림,다소흐림,29,2.5,0
가고시마,8,5,여름,맑음,다소흐림,29.5,2.8,0
가고시마,8,6,여름,흐림,다소흐림,29.7,3.1,0
가고시마,8,7,여름,흐림,다소흐림,29.7,3.4,0.5
가고시마,8,8,여름,흐림,흐림,29.5,2.7,0
가고시마,8,9,여름,흐림,맑음,29.9,2.2,0
가고시마,8,10,여름,맑음,맑음,31,2.2,0
가고시마,8,11,여름,쾌청,맑음,30.8,2.3,0
가고시마,8,12,여름,맑음,맑음,30.9,2.3,0.5
가고시마,8,13,여름,쾌청,맑음,30.7,2.5,0
가고시마,8,14,여름,맑음,비,30.4,1.9,1.5
가고시마,8,15,여름,맑음,쾌청,31,3,0
가고시마,8,16,여름,쾌청,맑음,31,3.4,0
가고시마,8,17,여름,맑음,맑음,30.7,2.9,0
가고시마,8,18,여름,쾌청,맑음,30.5,2.4,1
가고시마,8,19,여름,맑음,다소흐림,30.7,2.5,0
가고시마,8,20,여름,쾌청,맑음,30.5,2.4,1.5
가고시마,8,21,여름,쾌청,다소흐림,31.4,2.8,0
가고시마,8,22,여름,맑음,맑음,31.4,2.9,0
가고시마,8,23,여름,쾌청,맑음,30.6,2.5,43
가고시마,8,24,여름,쾌청,흐림,29.9,3,1
가고시마,8,25,여름,맑음,맑음,30.4,3.4,0
가고시마,8,26,여름,맑음,맑음,30.4,3.2,0
가고시마,8,27,여름,쾌청,맑음,29.6,2.8,17.5
가고시마,8,28,여름,흐림,흐림,27.7,2.9,2
가고시마,8,29,여름,맑음,맑음,25.3,5.6,0
가고시마,8,30,여름,맑음,흐림,24.7,4.3,5
가고시마,8,31,여름,맑음,맑음,27.3,4.7,0
가고시마,9,1,가을,다소흐림,흐림,26.5,2.2,0
가고시마,9,2,가을,흐림,흐림,27.2,3.1,3
가고시마,9,3,가을,비,비,26.2,4.5,78.5
가고시마,9,4,가을,흐림,흐림,26.8,5,13
가고시마,9,5,가을,맑음,맑음,28.2,2.3,0
가고시마,9,6,가을,맑음,맑음,28.5,2.5,0
가고시마,9,7,가을,맑음,맑음,28.9,3.3,0.5
가고시마,9,8,가을,쾌청,맑음,27.9,4.1,0
가고시마,9,9,가을,쾌청,쾌청,26.8,2.7,0
가고시마,9,10,가을,쾌청,흐림,26.9,2.4,0
가고시마,9,11,가을,맑음,흐림,27.4,3.4,2
가고시마,9,12,가을,비,흐림,26.6,4,36.5
가고시마,9,13,가을,흐림,흐림,27.6,1.6,0.5
가고시마,9,14,가을,흐림,흐림,26.6,1.1,17
가고시마,9,15,가을,흐림,흐림,27.9,2.1,1.5
가고시마,9,16,가을,다소흐림,다소흐림,27.8,2.3,0
가고시마,9,17,가을,맑음,흐림,27.7,2.8,41.5
가고시마,9,18,가을,흐림,비,27.8,2.2,16.5
가고시마,9,19,가을,흐림,비,27.3,4.2,27
가고시마,9,20,가을,흐림,다소흐림,24.7,7.6,102
가고시마,9,21,가을,흐림,흐림,24.8,2.6,0
가고시마,9,22,가을,흐림,맑음,25.3,2.3,0
가고시마,9,23,가을,맑음,맑음,25.8,2.4,0
가고시마,9,24,가을,맑음,맑음,26.8,2.6,0
가고시마,9,25,가을,맑음,다소흐림,27.8,2.6,0.5
가고시마,9,26,가을,다소흐림,다소흐림,28.2,3.5,0
가고시마,9,27,가을,다소흐림,다소흐림,28.7,3.1,0.5
가고시마,9,28,가을,다소흐림,흐림,28.6,2.5,0
가고시마,9,29,가을,맑음,맑음,28.6,2.3,0
가고시마,9,30,가을,맑음,맑음,28.4,2.2,0
가고시마,10,1,가을,맑음,맑음,28.4,2,0
가고시마,10,2,가을,쾌청,맑음,28.6,3.1,0
가고시마,10,3,가을,흐림,비,26.2,2.3,17.5
가고시마,10,4,가을,흐림,다소흐림,27.8,4.3,11
가고시마,10,5,가을,비,다소흐림,27.8,5.2,27
가고시마,10,6,가을,맑음,맑음,26.8,2.4,0
가고시마,10,7,가을,쾌청,맑음,26.8,3.3,0
가고시마,10,8,가을,흐림,흐림,27.2,3,2
가고시마,10,9,가을,비,흐림,23.2,3.1,27
가고시마,10,10,가을,쾌청,맑음,23.2,2.9,0
가고시마,10,11,가을,맑음,흐림,22.6,2.4,0
가고시마,10,12,가을,흐림,흐림,23.7,3.1,0
가고시마,10,13,가을,흐림,흐림,22.8,3.4,0
가고시마,10,14,가을,흐림,흐림,21.5,4.3,0
가고시마,10,15,가을,비,흐림,21.1,4,12
가고시마,10,16,가을,흐림,흐림,24,3.1,0
가고시마,10,17,가을,맑음,맑음,25.1,2.2,2
가고시마,10,18,가을,맑음,다소흐림,25.1,2.3,0
가고시마,10,19,가을,흐림,흐림,24.3,2.1,0
가고시마,10,20,가을,흐림,비,23.4,1.9,0
가고시마,10,21,가을,비,비,21.6,3,2
가고시마,10,22,가을,비,비,21,2.6,102.5
가고시마,10,23,가을,비,비,21,3.4,24.5
가고시마,10,24,가을,맑음,쾌청,21.7,2.9,0
가고시마,10,25,가을,맑음,맑음,22.5,1.9,0
가고시마,10,26,가을,맑음,맑음,23.6,2.5,0
가고시마,10,27,가을,비,흐림,22,2.2,3.5
가고시마,10,28,가을,흐림,흐림,23.6,3.4,7.5
가고시마,10,29,가을,쾌청,쾌청,21.6,4.1,0
가고시마,10,30,가을,맑음,맑음,19.6,3.3,0
가고시마,10,31,가을,흐림,흐림,19.8,2.6,10
가고시마,11,1,가을,맑음,맑음,16.8,4.6,0
가고시마,11,2,가을,맑음,쾌청,15.8,3.6,0
가고시마,11,3,가을,쾌청,쾌청,14.8,4.2,0
가고시마,11,4,가을,쾌청,쾌청,14.6,2.7,0
가고시마,11,5,가을,쾌청,쾌청,16.6,3.3,0
가고시마,11,6,가을,쾌청,쾌청,18.5,2.6,0
가고시마,11,7,가을,쾌청,쾌청,17.7,2.9,0
가고시마,11,8,가을,흐림,흐림,18.7,3.2,0
가고시마,11,9,가을,쾌청,맑음,17.4,4,0
가고시마,11,10,가을,흐림,비,15.5,3.7,16.5
가고시마,11,11,가을,맑음,맑음,16.3,3.8,0
가고시마,11,12,가을,쾌청,다소흐림,16.6,2.6,0
가고시마,11,13,가을,맑음,맑음,19.4,2.5,0
가고시마,11,14,가을,비,비,20.7,2.5,35
가고시마,11,15,가을,흐림,맑음,20.6,3.1,0
가고시마,11,16,가을,쾌청,쾌청,17.3,2.8,0
가고시마,11,17,가을,맑음,흐림,18.5,2.3,0.5
가고시마,11,18,가을,흐림,비,18.8,2.9,11.5
가고시마,11,19,가을,흐림,흐림,21.4,2.6,0
가고시마,11,20,가을,흐림,흐림,19.7,2.2,0
가고시마,11,21,가을,흐림,흐림,19.8,2.6,24
가고시마,11,22,가을,쾌청,쾌청,19.4,3.2,0
가고시마,11,23,가을,다소흐림,흐림,15.7,3,0
가고시마,11,24,가을,흐림,맑음,11.4,4,4.5
가고시마,11,25,가을,맑음,쾌청,10.2,3.8,0
가고시마,11,26,가을,맑음,맑음,14.4,2.7,0.5
가고시마,11,27,가을,비,비,16.6,2.7,29.5
가고시마,11,28,가을,다소흐림,맑음,12.3,3.7,0
가고시마,11,29,가을,쾌청,맑음,11.5,3,0
가고시마,11,30,가을,맑음,흐림,15.4,2.2,2
가고시마,12,1,겨울,맑음,흐림,15.5,3.2,0.5
가고시마,12,2,겨울,다소흐림,맑음,12.9,2.8,0
가고시마,12,3,겨울,쾌청,쾌청,14,2.7,0
가고시마,12,4,겨울,흐림,비,16.7,2.1,4
가고시마,12,5,겨울,맑음,흐림,15.3,2.6,0
가고시마,12,6,겨울,다소흐림,쾌청,13.4,4.3,0
가고시마,12,7,겨울,쾌청,쾌청,10.7,3.7,0
가고시마,12,8,겨울,흐림,다소흐림,11.7,2.6,0
가고시마,12,9,겨울,쾌청,쾌청,13.3,3.7,0
가고시마,12,10,겨울,쾌청,맑음,11.4,3.5,0
가고시마,12,11,겨울,쾌청,쾌청,11.3,3.3,0
가고시마,12,12,겨울,다소흐림,다소흐림,14.1,2.4,0
가고시마,12,13,겨울,흐림,비,15.8,3.2,46.5
가고시마,12,14,겨울,맑음,맑음,12.4,4.2,0
가고시마,12,15,겨울,맑음,비,9.7,4.6,0
가고시마,12,16,겨울,흐림,맑음,6.9,4.5,0
가고시마,12,17,겨울,쾌청,쾌청,8.2,3.4,0
가고시마,12,18,겨울,쾌청,다소흐림,10.3,3,0
가고시마,12,19,겨울,흐림,맑음,14.1,2.9,0
가고시마,12,20,겨울,흐림,맑음,16.4,2,0
가고시마,12,21,겨울,흐림,맑음,18.9,3.3,0
가고시마,12,22,겨울,비,비,17.6,4.9,32.5
가고시마,12,23,겨울,비,비,12.3,5.3,0
가고시마,12,24,겨울,맑음,쾌청,10.1,2.7,0
가고시마,12,25,겨울,쾌청,쾌청,13.4,2.7,0
가고시마,12,26,겨울,흐림,흐림,17.4,2.2,1
가고시마,12,27,겨울,비,비,12.8,5.5,2
가고시마,12,28,겨울,쾌청,쾌청,9.1,2.8,0
가고시마,12,29,겨울,맑음,맑음,8.8,4.2,0
가고시마,12,30,겨울,쾌청,쾌청,7.3,2.8,0
가고시마,12,31,겨울,쾌청,쾌청,8.7,3.5,0
다카마쓰,1,1,겨울,쾌청,맑음,7.1,2.2,0
다카마쓰,1,2,겨울,다소흐림,다소흐림,9.5,2.1,0
다카마쓰,1,3,겨울,맑음,맑음,10.4,1.1,0
다카마쓰,1,4,겨울,흐림,맑음,11.7,2.8,0
다카마쓰,1,5,겨울,흐림,흐림,9.4,1.9,0
다카마쓰,1,6,겨울,흐림,흐림,9.4,2.1,0
다카마쓰,1,7,겨울,맑음,맑음,9.2,3.3,0
다카마쓰,1,8,겨울,흐림,흐림,7.3,3,0.5
다카마쓰,1,9,겨울,쾌청,맑음,7.4,3,0
다카마쓰,1,10,겨울,맑음,맑음,7.7,3,0
다카마쓰,1,11,겨울,흐림,흐림,8.1,2.5,0
다카마쓰,1,12,겨울,다소흐림,흐림,7.6,2,0
다카마쓰,1,13,겨울,맑음,맑음,5.9,3,0.5
다카마쓰,1,14,겨울,맑음,비,5.4,3.1,0
다카마쓰,1,15,겨울,맑음,맑음,4.6,2.5,0
다카마쓰,1,16,겨울,쾌청,쾌청,4.7,1.8,0
다카마쓰,1,17,겨울,흐림,흐림,5.9,2.4,0.5
다카마쓰,1,18,겨울,비,비,7.9,6.5,2
다카마쓰,1,19,겨울,흐림,맑음,2.9,7.4,0
다카마쓰,1,20,겨울,맑음,맑음,4.5,5.9,0
다카마쓰,1,21,겨울,맑음,흐림,4.8,1.6,0
다카마쓰,1,22,겨울,흐림,흐림,5.9,2.5,0
다카마쓰,1,23,겨울,다소흐림,비,4,2.8,0
다카마쓰,1,24,겨울,눈,흐림,-1.2,4.8,0
다카마쓰,1,25,겨울,맑음,맑음,2.1,4.7,0
다카마쓰,1,26,겨울,흐림,흐림,4.1,2.5,1
다카마쓰,1,27,겨울,맑음,흐림,7.8,3.6,0
다카마쓰,1,28,겨울,맑음,비,6.5,1.2,2
다카마쓰,1,29,겨울,비,비,8.5,1.7,31
다카마쓰,1,30,겨울,흐림,흐림,8.1,1.6,9.5
다카마쓰,1,31,겨울,쾌청,맑음,7.1,1.9,0
다카마쓰,2,1,겨울,흐림,흐림,7.6,3.2,0
다카마쓰,2,2,겨울,비,맑음,6.6,2.6,0
다카마쓰,2,3,겨울,비,맑음,5.3,1.3,0
다카마쓰,2,4,겨울,맑음,다소흐림,6.8,2.8,0
다카마쓰,2,5,겨울,다소흐림,다소흐림,6.8,2.2,0
다카마쓰,2,6,겨울,흐림,맑음,6,3.5,0
다카마쓰,2,7,겨울,맑음,맑음,4.2,2.2,0
다카마쓰,2,8,겨울,쾌청,맑음,4.7,2.3,0
다카마쓰,2,9,겨울,맑음,맑음,8,5,0
다카마쓰,2,10,겨울,쾌청,맑음,5.8,2.2,0
다카마쓰,2,11,겨울,쾌청,다소흐림,5.8,1.5,0
다카마쓰,2,12,겨울,다소흐림,흐림,8.4,1.3,0
다카마쓰,2,13,겨울,흐림,비,12.7,1.1,17.5
다카마쓰,2,14,겨울,맑음,흐림,13.5,4.8,8.5
다카마쓰,2,15,겨울,맑음,비,5.7,5.8,0.5
다카마쓰,2,16,겨울,맑음,맑음,4.4,4.5,0
다카마쓰,2,17,겨울,맑음,맑음,6.4,4.3,0
다카마쓰,2,18,겨울,맑음,맑음,4.5,1.7,0
다카마쓰,2,19,겨울,쾌청,흐림,8.6,1.9,0
다카마쓰,2,20,겨울,비,비,8.6,2.9,15.5
다카마쓰,2,21,겨울,맑음,맑음,7.6,4.2,0
다카마쓰,2,22,겨울,다소흐림,흐림,5.5,1.8,0
다카마쓰,2,23,겨울,흐림,비,7.7,2.7,0
다카마쓰,2,24,겨울,흐림,비,5.8,2.6,0
다카마쓰,2,25,겨울,맑음,맑음,5,3,0
다카마쓰,2,26,겨울,맑음,맑음,5.2,3.1,0
다카마쓰,2,27,겨울,맑음,흐림,7,1.7,0
다카마쓰,2,28,겨울,쾌청,쾌청,8.8,1.5,0
다카마쓰,2,29,겨울,비,비,6.3,4.3,3
다카마쓰,3,1,봄,맑음,맑음,3.5,3.3,0
다카마쓰,3,2,봄,맑음,쾌청,7,3.2,0
다카마쓰,3,3,봄,쾌청,쾌청,9.7,2,0
다카마쓰,3,4,봄,흐림,흐림,9.4,1.2,0
다카마쓰,3,5,봄,쾌청,쾌청,11.9,1.4,0
다카마쓰,3,6,봄,흐림,흐림,14.1,1.2,0
다카마쓰,3,7,봄,흐림,맑음,16,1.4,0
다카마쓰,3,8,봄,맑음,맑음,15.2,2.4,0
다카마쓰,3,9,봄,비,비,8.7,2.6,42.5
다카마쓰,3,10,봄,흐림,흐림,7.9,2.3,0
다카마쓰,3,11,봄,흐림,맑음,7.4,2.5,0
다카마쓰,3,12,봄,맑음,쾌청,7.5,1.9,0
다카마쓰,3,13,봄,흐림,흐림,8,1.7,3.5
다카마쓰,3,14,봄,비,흐림,7,2,19
다카마쓰,3,15,봄,맑음,쾌청,8.4,2.5,0
다카마쓰,3,16,봄,흐림,다소흐림,8.6,1.4,0
다카마쓰,3,17,봄,쾌청,맑음,11.4,1.4,0
다카마쓰,3,18,봄,다소흐림,비,11.9,1.2,5
다카마쓰,3,19,봄,흐림,흐림,14.4,2.6,2
다카마쓰,3,20,봄,맑음,쾌청,11.2,3.3,0
다카마쓰,3,21,봄,맑음,쾌청,10.1,2.3,0
다카마쓰,3,22,봄,쾌청,맑음,10.5,1.7,0
다카마쓰,3,23,봄,다소흐림,다소흐림,12.4,2,0
다카마쓰,3,24,봄,맑음,흐림,9.6,3.6,0
다카마쓰,3,25,봄,맑음,맑음,8,2.8,0
다카마쓰,3,26,봄,맑음,맑음,7.7,1.6,0
다카마쓰,3,27,봄,맑음,흐림,9.7,2.3,0
다카마쓰,3,28,봄,맑음,맑음,11.3,2.8,0
다카마쓰,3,29,봄,맑음,흐림,12.3,1.8,0
다카마쓰,3,30,봄,다소흐림,다소흐림,14.9,2.6,0
다카마쓰,3,31,봄,맑음,흐림,15.1,1.7,0.5
다카마쓰,4,1,봄,비,비,14,3.7,6
다카마쓰,4,2,봄,쾌청,흐림,15.6,1.6,0
다카마쓰,4,3,봄,흐림,흐림,16.9,2.4,3.5
다카마쓰,4,4,봄,비,흐림,15.6,1.7,12
다카마쓰,4,5,봄,흐림,다소흐림,13.9,1.7,0
다카마쓰,4,6,봄,다소흐림,다소흐림,14.9,1.8,0
다카마쓰,4,7,봄,비,흐림,16,2.2,20.5
다카마쓰,4,8,봄,다소흐림,흐림,16.1,2,0
다카마쓰,4,9,봄,다소흐림,다소흐림,16.9,1.4,0
다카마쓰,4,10,봄,다소흐림,흐림,16.4,1.2,0
다카마쓰,4,11,봄,다소흐림,맑음,12.4,4,0
다카마쓰,4,12,봄,맑음,다소흐림,10.4,2,0
다카마쓰,4,13,봄,흐림,흐림,14.6,1.7,6
다카마쓰,4,14,봄,흐림,맑음,18.9,2.4,0
다카마쓰,4,15,봄,쾌청,쾌청,16.3,2.2,0
다카마쓰,4,16,봄,다소흐림,맑음,16.1,1.8,0
다카마쓰,4,17,봄,맑음,쾌청,20.6,4.9,4
다카마쓰,4,18,봄,흐림,흐림,15.6,4.4,0
다카마쓰,4,19,봄,쾌청,쾌청,16,4.1,0
다카마쓰,4,20,봄,쾌청,맑음,15.5,2,0
다카마쓰,4,21,봄,비,비,15.9,1.4,19
다카마쓰,4,22,봄,맑음,맑음,20.4,2.9,0
다카마쓰,4,23,봄,흐림,흐림,18,1.7,4.5
다카마쓰,4,24,봄,다소흐림,흐림,17,1.5,0
다카마쓰,4,25,봄,다소흐림,흐림,16.9,1.7,0
다카마쓰,4,26,봄,쾌청,다소흐림,18.9,1.8,0
다카마쓰,4,27,봄,비,비,17.3,3.7,7.5
다카마쓰,4,28,봄,비,비,16,3.3,1.5
다카마쓰,4,29,봄,맑음,맑음,13.8,3.1,0
다카마쓰,4,30,봄,쾌청,쾌청,16,2,0
다카마쓰,5,1,봄,쾌청,맑음,20.1,2.1,0
다카마쓰,5,2,봄,쾌청,다소흐림,20,1.9,0
다카마쓰,5,3,봄,흐림,비,19,2.9,4
다카마쓰,5,4,봄,쾌청,쾌청,21.6,7.3,0
다카마쓰,5,5,봄,쾌청,다소흐림,21.9,4.8,0
다카마쓰,5,6,봄,비,흐림,17.4,1.4,1.5
다카마쓰,5,7,봄,흐림,다소흐림,19.8,2.5,0
다카마쓰,5,8,봄,다소흐림,다소흐림,19.3,2,0
다카마쓰,5,9,봄,비,비,16.2,2.1,23
다카마쓰,5,10,봄,흐림,비,17.9,1.5,2.5
다카마쓰,5,11,봄,흐림,흐림,18.5,3.6,4.5
다카마쓰,5,12,봄,쾌청,쾌청,18.2,1.9,0
다카마쓰,5,13,봄,맑음,다소흐림,20,1.8,0
다카마쓰,5,14,봄,맑음,다소흐림,21.3,2.1,0
다카마쓰,5,15,봄,흐림,맑음,21.6,1.9,0
다카마쓰,5,16,봄,흐림,비,20.6,3,34.5
다카마쓰,5,17,봄,맑음,맑음,18.9,2.2,0
다카마쓰,5,18,봄,맑음,맑음,19.9,2,0
다카마쓰,5,19,봄,다소흐림,다소흐림,20.6,1.7,0
다카마쓰,5,20,봄,쾌청,쾌청,22.2,1.9,0
다카마쓰,5,21,봄,맑음,맑음,22.8,1.6,0
다카마쓰,5,22,봄,다소흐림,다소흐림,21.7,2,0
다카마쓰,5,23,봄,맑음,다소흐림,23.3,1.9,0
다카마쓰,5,24,봄,다소흐림,흐림,22.7,1.7,0
다카마쓰,5,25,봄,흐림,흐림,21.7,1.8,0
다카마쓰,5,26,봄,흐림,비,23.5,2,4
다카마쓰,5,27,봄,흐림,맑음,24.2,1.8,0
다카마쓰,5,28,봄,흐림,흐림,21.1,2,0
다카마쓰,5,29,봄,흐림,비,20.9,2.2,7.5
다카마쓰,5,30,봄,흐림,맑음,22.1,1.9,3
다카마쓰,5,31,봄,쾌청,다소흐림,24.4,3.2,0
다카마쓰,6,1,여름,다소흐림,맑음,21.9,2.6,0
다카마쓰,6,2,여름,맑음,쾌청,20,2.4,0
다카마쓰,6,3,여름,쾌청,쾌청,21,2.1,0
다카마쓰,6,4,여름,흐림,흐림,20.3,2.5,6
다카마쓰,6,5,여름,비,흐림,18.5,3.4,15
다카마쓰,6,6,여름,흐림,흐림,21.7,2,0
다카마쓰,6,7,여름,비,비,20.3,2.5,42.5
다카마쓰,6,8,여름,흐림,흐림,22.1,2.1,0
다카마쓰,6,9,여름,비,맑음,22.8,1.6,4.5
다카마쓰,6,10,여름,맑음,쾌청,25.2,1.9,0
다카마쓰,6,11,여름,다소흐림,다소흐림,24.9,2,0
다카마쓰,6,12,여름,흐림,비,23,3.3,32.5
다카마쓰,6,13,여름,흐림,흐림,22.8,1.9,12
다카마쓰,6,14,여름,맑음,맑음,25.1,1.9,0
다카마쓰,6,15,여름,다소흐림,다소흐림,25.9,1.9,0
다카마쓰,6,16,여름,비,비,24,2,7.5
다카마쓰,6,17,여름,흐림,흐림,24.7,4.7,0
다카마쓰,6,18,여름,다소흐림,다소흐림,25.4,1.9,0
다카마쓰,6,19,여름,비,흐림,22.7,1.7,26
다카마쓰,6,20,여름,흐림,흐림,24.6,2,0.5
다카마쓰,6,21,여름,흐림,흐림,25.2,2.4,41
다카마쓰,6,22,여름,비,비,23.7,1.4,14
다카마쓰,6,23,여름,흐림,맑음,25.9,2.7,65
다카마쓰,6,24,여름,흐림,흐림,22.6,2.4,32
다카마쓰,6,25,여름,비,비,23.8,4,8
다카마쓰,6,26,여름,맑음,맑음,24.3,3.2,0
다카마쓰,6,27,여름,맑음,흐림,22.6,1.9,19
다카마쓰,6,28,여름,흐림,비,21.3,1.6,9.5
다카마쓰,6,29,여름,비,비,22,1.5,13
다카마쓰,6,30,여름,흐림,비,24.4,1.2,0.5
다카마쓰,7,1,여름,맑음,맑음,26.5,1.7,0
다카마쓰,7,2,여름,다소흐림,다소흐림,28.7,1.9,0
다카마쓰,7,3,여름,맑음,맑음,30.2,2.7,0
다카마쓰,7,4,여름,다소흐림,다소흐림,30.1,2.3,0
다카마쓰,7,5,여름,맑음,흐림,29.2,2,0
다카마쓰,7,6,여름,맑음,맑음,29.6,1.8,0
다카마쓰,7,7,여름,쾌청,다소흐림,29.5,2.3,0
다카마쓰,7,8,여름,비,비,24.5,1.7,13.5
다카마쓰,7,9,여름,비,비,24.8,1.7,28
다카마쓰,7,10,여름,다소흐림,다소흐림,27.6,1.5,0
다카마쓰,7,11,여름,흐림,흐림,27.8,2.1,0
다카마쓰,7,12,여름,흐림,흐림,28.6,1.7,0
다카마쓰,7,13,여름,비,흐림,27.8,2.1,9.5
다카마쓰,7,14,여름,흐림,흐림,28.5,4,0
다카마쓰,7,15,여름,흐림,흐림,25.6,3.9,0
다카마쓰,7,16,여름,다소흐림,흐림,26.1,1.9,0
다카마쓰,7,17,여름,비,흐림,27.5,2.1,9
다카마쓰,7,18,여름,맑음,쾌청,28.7,2.4,0
다카마쓰,7,19,여름,맑음,쾌청,28.4,1.8,0
다카마쓰,7,20,여름,맑음,맑음,28,2.7,0
다카마쓰,7,21,여름,다소흐림,맑음,27.6,2.6,0
다카마쓰,7,22,여름,흐림,다소흐림,27.5,2.4,0
다카마쓰,7,23,여름,흐림,맑음,28,2,0
다카마쓰,7,24,여름,다소흐림,흐림,28,2.1,0
다카마쓰,7,25,여름,다소흐림,비,27.1,1.7,0
다카마쓰,7,26,여름,흐림,맑음,28.1,1.8,0
다카마쓰,7,27,여름,흐림,맑음,29.1,1.8,0
다카마쓰,7,28,여름,맑음,맑음,29.4,2.1,0
다카마쓰,7,29,여름,흐림,맑음,29.4,2.3,0
다카마쓰,7,30,여름,흐림,다소흐림,29,2,0
다카마쓰,7,31,여름,맑음,맑음,29.4,1.9,0
다카마쓰,8,1,여름,맑음,쾌청,30,1.9,0
다카마쓰,8,2,여름,맑음,다소흐림,29.1,1.8,6.5
다카마쓰,8,3,여름,다소흐림,다소흐림,29.2,1.7,0
다카마쓰,8,4,여름,맑음,맑음,29.8,1.9,0
다카마쓰,8,5,여름,흐림,다소흐림,30,2,0
다카마쓰,8,6,여름,다소흐림,맑음,30.4,2.2,0
다카마쓰,8,7,여름,맑음,맑음,29.9,2.3,0
다카마쓰,8,8,여름,맑음,쾌청,30.5,2.3,0
다카마쓰,8,9,여름,맑음,흐림,30.6,2.3,0
다카마쓰,8,10,여름,쾌청,다소흐림,29.9,1.8,0
다카마쓰,8,11,여름,맑음,다소흐림,29.4,2,0
다카마쓰,8,12,여름,쾌청,맑음,29.8,2.1,0
다카마쓰,8,13,여름,맑음,맑음,30.6,1.8,0
다카마쓰,8,14,여름,맑음,맑음,31.3,2.1,0
다카마쓰,8,15,여름,맑음,맑음,31.5,2.4,0
다카마쓰,8,16,여름,맑음,흐림,30,1.9,1
다카마쓰,8,17,여름,흐림,맑음,29.3,2.2,1.5
다카마쓰,8,18,여름,맑음,맑음,30.3,2.3,0
다카마쓰,8,19,여름,맑음,맑음,30.9,2,0
다카마쓰,8,20,여름,흐림,맑음,30.8,2,0.5
다카마쓰,8,21,여름,맑음,쾌청,31.1,2.6,0
다카마쓰,8,22,여름,맑음,흐림,30.1,2.3,0
다카마쓰,8,23,여름,맑음,쾌청,30.1,2.6,0
다카마쓰,8,24,여름,맑음,맑음,29.9,2.8,0
다카마쓰,8,25,여름,맑음,맑음,29.9,2.1,0
다카마쓰,8,26,여름,다소흐림,맑음,28.8,2.3,0.5
다카마쓰,8,27,여름,흐림,흐림,26.3,2.4,0
다카마쓰,8,28,여름,흐림,다소흐림,27.8,4.2,0
다카마쓰,8,29,여름,비,맑음,25.3,5,79.5
다카마쓰,8,30,여름,맑음,맑음,24.9,5.6,0
다카마쓰,8,31,여름,쾌청,쾌청,26.5,3,0
다카마쓰,9,1,가을,맑음,비,25.5,1.6,0
다카마쓰,9,2,가을,다소흐림,맑음,26.8,2.7,0
다카마쓰,9,3,가을,흐림,흐림,28.2,3.4,0
다카마쓰,9,4,가을,맑음,비,28.6,4.4,0
다카마쓰,9,5,가을,비,흐림,26.5,1.5,10.5
다카마쓰,9,6,가을,흐림,맑음,28.5,2.2,0
다카마쓰,9,7,가을,흐림,흐림,28,2.1,0
다카마쓰,9,8,가을,비,흐림,25.5,3.4,36.5
다카마쓰,9,9,가을,맑음,쾌청,25.7,1.7,0
다카마쓰,9,10,가을,맑음,맑음,26,2.2,0
다카마쓰,9,11,가을,맑음,맑음,26.9,1.8,0
다카마쓰,9,12,가을,흐림,흐림,26.7,2.7,1
다카마쓰,9,13,가을,흐림,흐림,24.6,1.8,31
다카마쓰,9,14,가을,비,흐림,24.2,1.3,1
다카마쓰,9,15,가을,흐림,흐림,25,2,0
다카마쓰,9,16,가을,흐림,맑음,26.2,2,0
다카마쓰,9,17,가을,다소흐림,비,26.8,1.4,0
다카마쓰,9,18,가을,비,비,25.3,1.5,31.5
다카마쓰,9,19,가을,비,비,23.3,1.8,21
다카마쓰,9,20,가을,비,비,21.1,3.5,100.5
다카마쓰,9,21,가을,흐림,흐림,22.3,1.6,0
다카마쓰,9,22,가을,비,비,22.3,1.8,12
다카마쓰,9,23,가을,흐림,흐림,22,1.4,0.5
다카마쓰,9,24,가을,흐림,맑음,23.7,2.1,0
다카마쓰,9,25,가을,흐림,흐림,24.5,1.9,0.5
다카마쓰,9,26,가을,비,맑음,24.9,2,9.5
다카마쓰,9,27,가을,맑음,흐림,26.4,1.9,0
다카마쓰,9,28,가을,흐림,비,26.7,2.3,10
다카마쓰,9,29,가을,흐림,비,22.6,1.9,20
다카마쓰,9,30,가을,흐림,흐림,22.1,2,0
다카마쓰,10,1,가을,흐림,흐림,22.9,1.3,1.5
다카마쓰,10,2,가을,맑음,맑음,25.9,1.7,0
다카마쓰,10,3,가을,흐림,흐림,25.2,1.5,0
다카마쓰,10,4,가을,흐림,흐림,24.4,2,0
다카마쓰,10,5,가을,흐림,흐림,26.2,3.2,1.5
다카마쓰,10,6,가을,맑음,맑음,24.3,2.6,0
다카마쓰,10,7,가을,맑음,흐림,21,2.6,0
다카마쓰,10,8,가을,흐림,흐림,24.4,1.4,0
다카마쓰,10,9,가을,흐림,흐림,21.6,3.1,10.5
다카마쓰,10,10,가을,맑음,맑음,19.2,2.6,0
다카마쓰,10,11,가을,흐림,흐림,18.5,1.8,0
다카마쓰,10,12,가을,흐림,맑음,19.2,2.1,0
다카마쓰,10,13,가을,흐림,흐림,17.9,2,0
다카마쓰,10,14,가을,흐림,맑음,17.5,1.4,0
다카마쓰,10,15,가을,쾌청,다소흐림,17.8,1.9,0
다카마쓰,10,16,가을,흐림,비,22.2,3.6,0
다카마쓰,10,17,가을,흐림,맑음,22.3,1.7,15
다카마쓰,10,18,가을,흐림,맑음,23.4,1.5,0
다카마쓰,10,19,가을,흐림,흐림,22.7,1.8,0
다카마쓰,10,20,가을,다소흐림,다소흐림,22.5,1.9,0
다카마쓰,10,21,가을,흐림,흐림,19.1,2.3,0
다카마쓰,10,22,가을,비,비,17,1.2,9.5
다카마쓰,10,23,가을,맑음,흐림,18.5,1.7,1.5
다카마쓰,10,24,가을,쾌청,쾌청,16.9,2.2,0
다카마쓰,10,25,가을,맑음,흐림,18.6,1.6,0
다카마쓰,10,26,가을,맑음,흐림,21.1,1.8,0
다카마쓰,10,27,가을,맑음,맑음,19.3,2.8,0
다카마쓰,10,28,가을,흐림,비,17.6,2,2
다카마쓰,10,29,가을,흐림,흐림,17.4,3.4,0.5
다카마쓰,10,30,가을,맑음,맑음,14.5,1.4,0
다카마쓰,10,31,가을,맑음,흐림,15.3,1.5,5.5
다카마쓰,11,1,가을,맑음,맑음,15,2.7,5
다카마쓰,11,2,가을,쾌청,맑음,14.2,2.4,0
다카마쓰,11,3,가을,맑음,맑음,14.1,3.8,0
다카마쓰,11,4,가을,쾌청,쾌청,12.9,1.9,0
다카마쓰,11,5,가을,쾌청,쾌청,14.2,1.9,0
다카마쓰,11,6,가을,흐림,흐림,14.2,2.7,0
다카마쓰,11,7,가을,흐림,쾌청,12,1.9,0
다카마쓰,11,8,가을,흐림,흐림,13.6,2.1,3
다카마쓰,11,9,가을,맑음,맑음,11.4,3.3,0
다카마쓰,11,10,가을,흐림,흐림,10,2.1,0
다카마쓰,11,11,가을,흐림,맑음,13.4,2.5,0
다카마쓰,11,12,가을,쾌청,맑음,13.6,1.6,0
다카마쓰,11,13,가을,맑음,흐림,14.9,1.3,0
다카마쓰,11,14,가을,비,비,16.3,1.4,2
다카마쓰,11,15,가을,흐림,비,17.1,2.6,1
다카마쓰,11,16,가을,맑음,쾌청,12.1,1.8,0
다카마쓰,11,17,가을,맑음,맑음,12.9,1.7,0
다카마쓰,11,18,가을,쾌청,흐림,13.9,1.8,2
다카마쓰,11,19,가을,비,흐림,18.1,2.2,5.5
다카마쓰,11,20,가을,다소흐림,흐림,18.4,1.7,0
다카마쓰,11,21,가을,흐림,흐림,16.4,2.3,0.5
다카마쓰,11,22,가을,쾌청,쾌청,17.2,3,0
다카마쓰,11,23,가을,흐림,흐림,12.1,3.4,0
다카마쓰,11,24,가을,맑음,맑음,11,3.6,1.5
다카마쓰,11,25,가을,다소흐림,쾌청,10.6,2.3,0
다카마쓰,11,26,가을,쾌청,다소흐림,10.7,1.7,2.5
다카마쓰,11,27,가을,비,비,12.1,1.7,25.5
다카마쓰,11,28,가을,흐림,흐림,12.3,3.3,0
다카마쓰,11,29,가을,맑음,흐림,11.6,3,0
다카마쓰,11,30,가을,흐림,흐림,10.5,2.1,0
다카마쓰,12,1,겨울,흐림,흐림,13.8,3.5,0
다카마쓰,12,2,겨울,맑음,맑음,11.2,2.1,0
다카마쓰,12,3,겨울,쾌청,맑음,10.1,1.2,0
다카마쓰,12,4,겨울,흐림,비,11,1.6,19.5
다카마쓰,12,5,겨울,다소흐림,다소흐림,14.4,3.1,0.5
다카마쓰,12,6,겨울,맑음,맑음,12.1,3.7,0
다카마쓰,12,7,겨울,쾌청,맑음,9,2.1,0
다카마쓰,12,8,겨울,쾌청,다소흐림,9.8,2,0
다카마쓰,12,9,겨울,맑음,맑음,10.4,3.5,0
다카마쓰,12,10,겨울,맑음,흐림,8.9,1.8,0
다카마쓰,12,11,겨울,흐림,맑음,8.6,2.4,0
다카마쓰,12,12,겨울,다소흐림,흐림,7.9,1.4,0
다카마쓰,12,13,겨울,비,비,10,1.2,27
다카마쓰,12,14,겨울,흐림,흐림,9.2,3.3,0.5
다카마쓰,12,15,겨울,맑음,비,6.1,2.2,0.5
다카마쓰,12,16,겨울,맑음,맑음,5.8,3,0
다카마쓰,12,17,겨울,맑음,맑음,7.9,3.1,0
다카마쓰,12,18,겨울,맑음,다소흐림,8.1,1.7,0
다카마쓰,12,19,겨울,맑음,맑음,8.5,1.3,0
다카마쓰,12,20,겨울,흐림,흐림,10.5,1,0
다카마쓰,12,21,겨울,흐림,쾌청,10.7,1.5,0
다카마쓰,12,22,겨울,흐림,흐림,13.9,2.6,6
다카마쓰,12,23,겨울,맑음,비,10.8,6.5,2
다카마쓰,12,24,겨울,맑음,흐림,8.7,2.3,0
다카마쓰,12,25,겨울,맑음,맑음,7.8,1.5,0
다카마쓰,12,26,겨울,비,비,9,1.2,2
다카마쓰,12,27,겨울,비,맑음,10.8,4,15
다카마쓰,12,28,겨울,맑음,흐림,5.3,3,0
다카마쓰,12,29,겨울,다소흐림,비,5.2,2.9,0
다카마쓰,12,30,겨울,쾌청,맑음,6.4,2.6,0
다카마쓰,12,31,겨울,쾌청,맑음,6.6,2,0
가나자와,1,1,겨울,흐림,맑음,5.6,2.8,0.5
가나자와,1,2,겨울,흐림,맑음,10.9,7,0.5
가나자와,1,3,겨울,맑음,맑음,12.6,5.5,0
가나자와,1,4,겨울,비,흐림,11.3,5.3,1.5
가나자와,1,5,겨울,비,비,9.1,4.1,3.5
가나자와,1,6,겨울,흐림,흐림,8,3,0
가나자와,1,7,겨울,비,비,5.2,2.5,19.5
가나자와,1,8,겨울,비,비,5,5.4,17
가나자와,1,9,겨울,맑음,흐림,4.8,4.4,14
가나자와,1,10,겨울,흐림,비,6.3,6.7,4
가나자와,1,11,겨울,비,흐림,3.6,4.6,2.5
가나자와,1,12,겨울,흐림,비,2.2,3.8,0
가나자와,1,13,겨울,흐림,흐림,3.3,5.2,14
가나자와,1,14,겨울,눈,진눈깨비,3.2,5.8,33
가나자와,1,15,겨울,진눈깨비,비,3.8,4.2,5
가나자와,1,16,겨울,비,비,4.1,4.5,4.5
가나자와,1,17,겨울,맑음,흐림,4.2,4.5,0
가나자와,1,18,겨울,비,비,6.6,6.6,24.5
가나자와,1,19,겨울,우박,눈,1.5,12.4,13.5
가나자와,1,20,겨울,진눈깨비,흐림,3.8,7.7,6
가나자와,1,21,겨울,흐림,흐림,2.7,2.8,6
가나자와,1,22,겨울,눈,눈,1.1,2.7,6
가나자와,1,23,겨울,다소흐림,비,2.3,4.1,6.5
가나자와,1,24,겨울,우박,흐림,-0.4,11.6,17
가나자와,1,25,겨울,흐림,흐림,0.7,4.4,4
가나자와,1,26,겨울,맑음,맑음,3.8,4.6,0
가나자와,1,27,겨울,비,흐림,6.2,6.6,1.5
가나자와,1,28,겨울,비,흐림,7.7,4,0.5
가나자와,1,29,겨울,비,비,4.7,7.3,22.5
가나자와,1,30,겨울,흐림,맑음,4.3,4.2,8
가나자와,1,31,겨울,맑음,흐림,5.7,2.8,5
가나자와,2,1,겨울,흐림,흐림,2.2,5.1,0
가나자와,2,2,겨울,눈,눈,2,3.4,1.5
가나자와,2,3,겨울,눈,맑음,3,2.4,0.5
가나자와,2,4,겨울,흐림,흐림,4.7,5.4,11.5
가나자와,2,5,겨울,맑음,흐림,6,2.8,7.5
가나자와,2,6,겨울,흐림,흐림,3.8,4.2,22
가나자와,2,7,겨울,눈,맑음,1.5,3.7,0
가나자와,2,8,겨울,쾌청,맑음,4,3.5,2
가나자와,2,9,겨울,진눈깨비,흐림,3.9,7.3,33
가나자와,2,10,겨울,눈,맑음,3.9,4.9,2
가나자와,2,11,겨울,쾌청,쾌청,4.4,4.3,0
가나자와,2,12,겨울,다소흐림,흐림,9.1,2.4,0
가나자와,2,13,겨울,비,비,13.3,2.6,5
가나자와,2,14,겨울,비,비,12.4,6.7,27
가나자와,2,15,겨울,눈,눈,1.7,4.4,22.5
가나자와,2,16,겨울,눈,눈,0.5,6.2,34
가나자와,2,17,겨울,진눈깨비,눈,1.5,4,30.5
가나자와,2,18,겨울,쾌청,쾌청,4.7,3.4,0
가나자와,2,19,겨울,맑음,흐림,8.5,5.6,0
가나자와,2,20,겨울,흐림,비,6.8,3.5,26.5
가나자와,2,21,겨울,맑음,흐림,6.7,7.2,3
가나자와,2,22,겨울,다소흐림,흐림,4.5,2.9,1
가나자와,2,23,겨울,흐림,흐림,6.9,5,3
가나자와,2,24,겨울,눈,맑음,2.4,3.9,0
가나자와,2,25,겨울,맑음,흐림,2.6,4,3.5
가나자와,2,26,겨울,눈,흐림,2.3,4.5,13.5
가나자와,2,27,겨울,쾌청,비,6,5,3
가나자와,2,28,겨울,쾌청,쾌청,8.1,2.3,0
가나자와,2,29,겨울,비,비,6,7.5,29
가나자와,3,1,봄,우박,흐림,1.1,4.9,3.5
가나자와,3,2,봄,흐림,흐림,4.1,5,5
가나자와,3,3,봄,비,맑음,8.3,5.3,0
가나자와,3,4,봄,다소흐림,쾌청,8.3,3.3,0
가나자와,3,5,봄,비,쾌청,11.5,3.6,0
가나자와,3,6,봄,다소흐림,흐림,16.2,5.4,0
가나자와,3,7,봄,흐림,맑음,12.4,5,2.5
가나자와,3,8,봄,흐림,흐림,11.4,3.4,0
가나자와,3,9,봄,비,비,4.9,6,9.5
가나자와,3,10,봄,다소흐림,흐림,4.6,4.5,0
가나자와,3,11,봄,맑음,맑음,4.7,3.7,4
가나자와,3,12,봄,진눈깨비,맑음,4,3.6,0
가나자와,3,13,봄,다소흐림,흐림,5.7,2.6,3
가나자와,3,14,봄,흐림,흐림,5.1,3.9,7.5
가나자와,3,15,봄,비,쾌청,5.7,3,1.5
가나자와,3,16,봄,다소흐림,다소흐림,8.3,3.2,0
가나자와,3,17,봄,쾌청,쾌청,10.9,2.6,0
가나자와,3,18,봄,다소흐림,비,12.8,3.4,3.5
가나자와,3,19,봄,비,흐림,11.2,3.2,13.5
가나자와,3,20,봄,흐림,흐림,8.6,3.8,0
가나자와,3,21,봄,맑음,쾌청,7.1,3.1,0
가나자와,3,22,봄,쾌청,맑음,9.6,4.5,0
가나자와,3,23,봄,흐림,흐림,8.6,4.6,1
가나자와,3,24,봄,비,맑음,5.8,3.3,0
가나자와,3,25,봄,진눈깨비,맑음,4.8,2.8,2
가나자와,3,26,봄,맑음,맑음,7,3.1,0
가나자와,3,27,봄,다소흐림,쾌청,8.1,2.4,0
가나자와,3,28,봄,쾌청,맑음,9.5,2.6,0
가나자와,3,29,봄,쾌청,다소흐림,11.4,2.6,0
가나자와,3,30,봄,흐림,흐림,13.9,5.5,0
가나자와,3,31,봄,맑음,다소흐림,12.5,2.2,0
가나자와,4,1,봄,맑음,다소흐림,14.8,5.1,0
가나자와,4,2,봄,맑음,맑음,15.9,2.1,0
가나자와,4,3,봄,흐림,흐림,17.8,3.6,1
가나자와,4,4,봄,비,비,10.6,5.8,26
가나자와,4,5,봄,흐림,맑음,11.3,3.3,0.5
가나자와,4,6,봄,다소흐림,다소흐림,12.5,2.8,0
가나자와,4,7,봄,비,비,13,5.1,45.5
가나자와,4,8,봄,흐림,흐림,13.6,3.3,0
가나자와,4,9,봄,다소흐림,맑음,16.8,4.7,0
가나자와,4,10,봄,다소흐림,흐림,15.8,4.5,0
가나자와,4,11,봄,흐림,맑음,7.3,4.9,9.5
가나자와,4,12,봄,맑음,다소흐림,9.2,2.8,0
가나자와,4,13,봄,흐림,흐림,15.1,3.9,28
가나자와,4,14,봄,다소흐림,맑음,15.4,3.6,1
가나자와,4,15,봄,맑음,쾌청,11.5,4.1,0
가나자와,4,16,봄,쾌청,다소흐림,15.4,1.9,0
가나자와,4,17,봄,흐림,맑음,19,8.7,1
가나자와,4,18,봄,흐림,흐림,14.3,5.5,0
가나자와,4,19,봄,흐림,쾌청,12.5,5.2,0
가나자와,4,20,봄,쾌청,다소흐림,13.4,1.8,0
가나자와,4,21,봄,흐림,비,14.9,2.9,28
가나자와,4,22,봄,비,흐림,14.5,3.8,4
가나자와,4,23,봄,맑음,흐림,15.6,3.7,0
가나자와,4,24,봄,맑음,흐림,15.3,3.9,0
가나자와,4,25,봄,다소흐림,다소흐림,15.8,3.5,0
가나자와,4,26,봄,쾌청,다소흐림,16.8,4,0
가나자와,4,27,봄,다소흐림,흐림,15.6,6.2,3.5
가나자와,4,28,봄,비,비,12.4,5.7,52.5
가나자와,4,29,봄,비,맑음,11.7,4.7,0.5
가나자와,4,30,봄,맑음,흐림,14.2,3.9,0
가나자와,5,1,봄,흐림,흐림,17.2,5.6,0
가나자와,5,2,봄,다소흐림,다소흐림,19.1,2.8,0
가나자와,5,3,봄,다소흐림,흐림,22.2,3.4,0
가나자와,5,4,봄,쾌청,쾌청,20.3,9.7,11.5
가나자와,5,5,봄,맑음,다소흐림,17.9,7.3,0
가나자와,5,6,봄,흐림,흐림,19.3,4.1,0
가나자와,5,7,봄,흐림,다소흐림,18.8,6.9,0
가나자와,5,8,봄,쾌청,다소흐림,16.5,4.5,0
가나자와,5,9,봄,흐림,흐림,17.5,2.8,0
가나자와,5,10,봄,흐림,흐림,17.8,2.8,9.5
가나자와,5,11,봄,비,비,16.5,6.6,11
가나자와,5,12,봄,맑음,쾌청,16,2.8,0
가나자와,5,13,봄,쾌청,다소흐림,18.9,3,0
가나자와,5,14,봄,흐림,다소흐림,17.5,4.8,0
가나자와,5,15,봄,다소흐림,다소흐림,21.5,2.6,0
가나자와,5,16,봄,다소흐림,흐림,21.1,4.8,10
가나자와,5,17,봄,맑음,맑음,15,2.9,6.5
가나자와,5,18,봄,쾌청,쾌청,17.9,3.9,0
가나자와,5,19,봄,다소흐림,다소흐림,19.5,2.7,0
가나자와,5,20,봄,맑음,맑음,19.7,2.4,0
가나자와,5,21,봄,맑음,쾌청,18.7,3.1,0
가나자와,5,22,봄,쾌청,쾌청,19.1,3,0
가나자와,5,23,봄,쾌청,맑음,20.5,3.1,0
가나자와,5,24,봄,다소흐림,다소흐림,25.1,2.6,0
가나자와,5,25,봄,흐림,흐림,22.1,3.1,2
가나자와,5,26,봄,흐림,흐림,23.7,2.3,0.5
가나자와,5,27,봄,흐림,쾌청,20,4.3,24
가나자와,5,28,봄,흐림,흐림,20.3,1.7,0
가나자와,5,29,봄,다소흐림,흐림,21.3,2.9,2.5
가나자와,5,30,봄,비,흐림,18.3,3.3,4
가나자와,5,31,봄,다소흐림,다소흐림,21,4.6,0
가나자와,6,1,여름,맑음,맑음,17.9,3.8,0
가나자와,6,2,여름,맑음,쾌청,16.7,4.7,0
가나자와,6,3,여름,쾌청,쾌청,18.7,2.1,0
가나자와,6,4,여름,다소흐림,흐림,22.2,3.7,0
가나자와,6,5,여름,맑음,맑음,20.9,4.6,0
가나자와,6,6,여름,다소흐림,다소흐림,20.7,4.4,0
가나자와,6,7,여름,흐림,흐림,21.6,2.2,0
가나자와,6,8,여름,다소흐림,다소흐림,23.7,2.2,0
가나자와,6,9,여름,비,비,21.3,2,16.5
가나자와,6,10,여름,맑음,쾌청,22.2,4.1,0
가나자와,6,11,여름,다소흐림,다소흐림,24.9,2.2,0
가나자와,6,12,여름,다소흐림,다소흐림,25.2,2.3,0.5
가나자와,6,13,여름,비,흐림,21,3,25
가나자와,6,14,여름,비,다소흐림,22.3,2.2,1
가나자와,6,15,여름,맑음,다소흐림,25.1,2.4,0
가나자와,6,16,여름,흐림,비,24.5,2.2,4.5
가나자와,6,17,여름,흐림,흐림,22.9,5,8
가나자와,6,18,여름,다소흐림,맑음,23.3,2.9,0
가나자와,6,19,여름,흐림,비,23.7,2.4,1
가나자와,6,20,여름,흐림,흐림,24.5,4.6,0
가나자와,6,21,여름,흐림,쾌청,23.7,3.2,22
가나자와,6,22,여름,흐림,흐림,24.2,3.1,7
가나자와,6,23,여름,비,흐림,21.4,3.8,24.5
가나자와,6,24,여름,흐림,비,22.6,2.8,11.5
가나자와,6,25,여름,흐림,흐림,23.4,7.5,24
가나자와,6,26,여름,흐림,쾌청,21.5,4.2,44
가나자와,6,27,여름,쾌청,다소흐림,23.3,3.5,0
가나자와,6,28,여름,흐림,흐림,20.6,3.8,6.5
가나자와,6,29,여름,흐림,비,22.4,2.8,2.5
가나자와,6,30,여름,흐림,흐림,24.2,3.6,1.5
가나자와,7,1,여름,맑음,맑음,26.7,2.3,0
가나자와,7,2,여름,흐림,흐림,29.5,5.3,0
가나자와,7,3,여름,비,흐림,25.3,4.9,15.5
가나자와,7,4,여름,흐림,비,24.6,3.2,14
가나자와,7,5,여름,흐림,흐림,26,2.9,9.5
가나자와,7,6,여름,다소흐림,맑음,28.3,5.2,0
가나자와,7,7,여름,비,흐림,24.9,3.4,0
가나자와,7,8,여름,흐림,흐림,25.3,2,8
가나자와,7,9,여름,비,비,23.5,2.2,18.5
가나자와,7,10,여름,다소흐림,맑음,25.3,2.8,0
가나자와,7,11,여름,맑음,다소흐림,25.5,3.1,0
가나자와,7,12,여름,맑음,흐림,26.2,2.3,0
가나자와,7,13,여름,흐림,흐림,27.3,4,21.5
가나자와,7,14,여름,맑음,흐림,25.6,5,1.5
가나자와,7,15,여름,비,비,22.4,6,21
가나자와,7,16,여름,흐림,흐림,24.9,3.5,0
가나자와,7,17,여름,비,흐림,25.4,3.7,11.5
가나자와,7,18,여름,맑음,흐림,25.1,2.3,0
가나자와,7,19,여름,맑음,맑음,25.1,2.8,0
가나자와,7,20,여름,맑음,흐림,25,4.6,0
가나자와,7,21,여름,흐림,흐림,24.3,4,0
가나자와,7,22,여름,흐림,다소흐림,24.9,3.4,0
가나자와,7,23,여름,다소흐림,다소흐림,26.8,2.5,0
가나자와,7,24,여름,다소흐림,다소흐림,27.7,2.4,0
가나자와,7,25,여름,흐림,흐림,27.1,2.5,0
가나자와,7,26,여름,비,흐림,25.1,3.2,39
가나자와,7,27,여름,다소흐림,다소흐림,28.6,3.1,0
가나자와,7,28,여름,흐림,맑음,29.7,2.4,0
가나자와,7,29,여름,맑음,맑음,29.6,2.6,0
가나자와,7,30,여름,맑음,맑음,29,2.4,0
가나자와,7,31,여름,쾌청,맑음,28.8,3,0
가나자와,8,1,여름,맑음,맑음,27.8,3.1,0.5
가나자와,8,2,여름,흐림,맑음,27.5,2.9,0
가나자와,8,3,여름,흐림,맑음,27.5,2.3,0
가나자와,8,4,여름,맑음,맑음,27.8,3.3,0
가나자와,8,5,여름,맑음,맑음,28.3,3.2,0
가나자와,8,6,여름,쾌청,쾌청,29,3.3,0
가나자와,8,7,여름,쾌청,쾌청,30.1,2.2,0
가나자와,8,8,여름,쾌청,맑음,29.1,3.5,0
가나자와,8,9,여름,비,흐림,27.9,3.2,0
가나자와,8,10,여름,흐림,다소흐림,26.3,3.5,0
가나자와,8,11,여름,다소흐림,맑음,26.5,3.6,0
가나자와,8,12,여름,쾌청,맑음,27.7,3.1,0
가나자와,8,13,여름,쾌청,맑음,29,2.5,0
가나자와,8,14,여름,흐림,맑음,28.6,2.3,0
가나자와,8,15,여름,비,맑음,27.3,2.8,28
가나자와,8,16,여름,맑음,비,27,3.8,61.5
가나자와,8,17,여름,비,맑음,27.3,3.1,10.5
가나자와,8,18,여름,맑음,맑음,28.3,4.7,0
가나자와,8,19,여름,맑음,맑음,28.9,4.7,0
가나자와,8,20,여름,흐림,맑음,28.8,2.6,4
가나자와,8,21,여름,맑음,맑음,29.5,2.8,0
가나자와,8,22,여름,맑음,흐림,28.7,3.2,0.5
가나자와,8,23,여름,맑음,맑음,27.6,4.5,1
가나자와,8,24,여름,흐림,흐림,27.7,4,0
가나자와,8,25,여름,쾌청,쾌청,29.7,2.3,0
가나자와,8,26,여름,맑음,비,27.1,4.1,13.5
가나자와,8,27,여름,흐림,흐림,23.1,5,18.5
가나자와,8,28,여름,맑음,흐림,24.2,4,0
가나자와,8,29,여름,흐림,흐림,25.8,2.7,4
가나자와,8,30,여름,비,비,22,5,65.5
가나자와,8,31,여름,맑음,쾌청,27.6,5.8,0
가나자와,9,1,가을,맑음,다소흐림,26.4,3.1,0
가나자와,9,2,가을,다소흐림,맑음,26.6,2.6,0
가나자와,9,3,가을,맑음,맑음,27.7,3.2,0
가나자와,9,4,가을,맑음,비,27.8,2.5,7.5
가나자와,9,5,가을,흐림,흐림,26.9,2.2,1
가나자와,9,6,가을,비,맑음,26.1,3.3,1
가나자와,9,7,가을,흐림,흐림,27.1,5,0
가나자와,9,8,가을,비,비,24,4.9,24
가나자와,9,9,가을,흐림,흐림,23.4,2.5,4
가나자와,9,10,가을,맑음,맑음,23.8,3.8,0
가나자와,9,11,가을,흐림,다소흐림,24.9,4.2,0
가나자와,9,12,가을,다소흐림,비,24.3,4.1,3.5
가나자와,9,13,가을,비,흐림,23.1,3.7,48
가나자와,9,14,가을,흐림,흐림,23.9,2.1,5.5
가나자와,9,15,가을,다소흐림,다소흐림,23.7,2.9,0
가나자와,9,16,가을,흐림,흐림,24,1.6,0
가나자와,9,17,가을,흐림,비,23.6,3.4,11
가나자와,9,18,가을,비,비,21.4,2.9,93
가나자와,9,19,가을,비,흐림,20.4,5,26
가나자와,9,20,가을,비,비,19.2,6.3,45
가나자와,9,21,가을,흐림,흐림,21.8,4.3,0
가나자와,9,22,가을,흐림,비,22,2.7,15.5
가나자와,9,23,가을,비,흐림,20.5,2.4,2.5
가나자와,9,24,가을,다소흐림,흐림,21.6,3.4,0
가나자와,9,25,가을,다소흐림,다소흐림,24.5,1.9,0
가나자와,9,26,가을,비,비,24.4,2.1,1.5
가나자와,9,27,가을,맑음,흐림,26.4,2.4,0
가나자와,9,28,가을,비,비,23.5,1.9,43
가나자와,9,29,가을,비,흐림,20.2,3.4,46.5
가나자와,9,30,가을,맑음,흐림,19.4,2.3,12.5
가나자와,10,1,가을,흐림,맑음,20.7,3.6,6
가나자와,10,2,가을,맑음,맑음,23.9,2.9,0
가나자와,10,3,가을,흐림,흐림,24.9,2.9,0
가나자와,10,4,가을,흐림,흐림,23.5,5,0
가나자와,10,5,가을,흐림,비,23.7,6.8,0
가나자와,10,6,가을,흐림,맑음,20.9,4.5,3.5
가나자와,10,7,가을,맑음,맑음,19.4,6.1,0
가나자와,10,8,가을,흐림,비,22.3,3.2,41.5
가나자와,10,9,가을,흐림,흐림,18.2,4.3,43
가나자와,10,10,가을,흐림,흐림,16.2,4.5,0
가나자와,10,11,가을,다소흐림,흐림,16.7,3.2,0
가나자와,10,12,가을,맑음,비,15.7,3.2,3.5
가나자와,10,13,가을,흐림,다소흐림,15.2,3,0
가나자와,10,14,가을,맑음,쾌청,15.8,3.3,0
가나자와,10,15,가을,쾌청,쾌청,16.7,2.5,0
가나자와,10,16,가을,맑음,흐림,19.1,2.6,0
가나자와,10,17,가을,흐림,흐림,20.3,2.4,11
가나자와,10,18,가을,맑음,흐림,21.1,3.1,0
가나자와,10,19,가을,흐림,흐림,20.9,2.5,0
가나자와,10,20,가을,맑음,쾌청,19.7,4.1,0
가나자와,10,21,가을,다소흐림,다소흐림,14.8,4.8,0
가나자와,10,22,가을,다소흐림,비,15.7,2.5,0
가나자와,10,23,가을,흐림,흐림,15.7,4.9,0
가나자와,10,24,가을,쾌청,쾌청,13.3,4.7,0
가나자와,10,25,가을,흐림,흐림,17,4.3,1.5
가나자와,10,26,가을,흐림,맑음,19.5,3.1,6
가나자와,10,27,가을,쾌청,쾌청,15,4.7,0
가나자와,10,28,가을,흐림,비,13.2,5.1,27
가나자와,10,29,가을,흐림,흐림,13.2,4.3,8.5
가나자와,10,30,가을,다소흐림,맑음,12,4.1,0
가나자와,10,31,가을,흐림,흐림,14.1,3.3,0
가나자와,11,1,가을,비,비,11.8,5.2,1.5
가나자와,11,2,가을,쾌청,쾌청,11.2,4.4,0
가나자와,11,3,가을,흐림,흐림,11.8,5.9,28.5
가나자와,11,4,가을,쾌청,맑음,12.3,2.7,7.5
가나자와,11,5,가을,쾌청,쾌청,14.9,4.6,0
가나자와,11,6,가을,흐림,흐림,12.1,5.4,2.5
가나자와,11,7,가을,쾌청,쾌청,11.2,4.6,0
가나자와,11,8,가을,흐림,비,12.6,5.3,27
가나자와,11,9,가을,비,비,7.1,3.8,1.5
가나자와,11,10,가을,다소흐림,흐림,8.9,4.9,0
가나자와,11,11,가을,맑음,흐림,13.4,4.4,11.5
가나자와,11,12,가을,맑음,쾌청,14,2.3,0
가나자와,11,13,가을,쾌청,맑음,14.1,2.5,0
가나자와,11,14,가을,흐림,흐림,14.9,1.9,1.5
가나자와,11,15,가을,비,흐림,14.4,4.9,12.5
가나자와,11,16,가을,흐림,맑음,9.9,3.1,0
가나자와,11,17,가을,비,비,9.2,3.9,6
가나자와,11,18,가을,쾌청,맑음,9.9,2.2,0
가나자와,11,19,가을,비,흐림,14.9,4,16
가나자와,11,20,가을,비,흐림,16.1,4.3,0.5
가나자와,11,21,가을,다소흐림,흐림,13.9,4.6,0
가나자와,11,22,가을,흐림,맑음,14.6,3.6,3
가나자와,11,23,가을,비,맑음,6.4,6,2
가나자와,11,24,가을,맑음,맑음,7.4,6.3,0
가나자와,11,25,가을,비,흐림,8.1,4,10
가나자와,11,26,가을,맑음,흐림,10.5,2.3,6
가나자와,11,27,가을,비,비,11.2,2.2,21
가나자와,11,28,가을,흐림,흐림,9.6,3.7,2.5
가나자와,11,29,가을,흐림,비,7.6,3.2,2
가나자와,11,30,가을,다소흐림,흐림,7.2,2.9,0.5
가나자와,12,1,겨울,흐림,비,14.2,7.4,6.5
가나자와,12,2,겨울,맑음,맑음,10,4,0
가나자와,12,3,겨울,쾌청,쾌청,11.4,2.4,0
가나자와,12,4,겨울,다소흐림,흐림,12,2.5,0.5
가나자와,12,5,겨울,흐림,흐림,13.3,5.4,5
가나자와,12,6,겨울,비,비,8.5,6.5,12
가나자와,12,7,겨울,맑음,비,6.9,4.6,6
가나자와,12,8,겨울,맑음,맑음,7.5,2.7,11.5
가나자와,12,9,겨울,비,비,10.1,7.1,15
가나자와,12,10,겨울,우박,흐림,4.8,4.2,5
가나자와,12,11,겨울,비,진눈깨비,2.9,3.6,6.5
가나자와,12,12,겨울,다소흐림,다소흐림,4.4,2.3,0
가나자와,12,13,겨울,비,흐림,10.4,3.5,17
가나자와,12,14,겨울,비,흐림,6.2,5.8,15
가나자와,12,15,겨울,진눈깨비,흐림,4,3.4,0
가나자와,12,16,겨울,눈,흐림,2.2,3.8,18.5
가나자와,12,17,겨울,비,비,5.5,5.1,10
가나자와,12,18,겨울,흐림,맑음,9.6,4.4,0
가나자와,12,19,겨울,흐림,흐림,11.2,3.6,0
가나자와,12,20,겨울,흐림,맑음,11.1,2.2,0.5
가나자와,12,21,겨울,쾌청,다소흐림,10.6,2.5,0
가나자와,12,22,겨울,흐림,흐림,15.2,7.3,27
가나자와,12,23,겨울,비,흐림,9,5.9,17.5
가나자와,12,24,겨울,비,맑음,5.4,2.6,4
가나자와,12,25,겨울,비,맑음,6.1,2.8,2
가나자와,12,26,겨울,흐림,비,7.3,2,3.5
가나자와,12,27,겨울,비,비,6.7,5.4,54
가나자와,12,28,겨울,눈,맑음,2.8,3.9,7.5
가나자와,12,29,겨울,다소흐림,비,4.5,4.6,8.5
가나자와,12,30,겨울,진눈깨비,맑음,3.6,3.2,2
가나자와,12,31,겨울,흐림,비,7.1,4.2,1
나가노,1,1,겨울,맑음,쾌청,1.3,1.6,1.5
나가노,1,2,겨울,다소흐림,맑음,2,1.3,0
나가노,1,3,겨울,맑음,맑음,4.5,1.4,0
나가노,1,4,겨울,쾌청,맑음,4.8,1.6,0
나가노,1,5,겨울,맑음,다소흐림,4.5,2,0
나가노,1,6,겨울,다소흐림,흐림,3.4,1.7,0
나가노,1,7,겨울,진눈깨비,눈,1.5,2.3,0
나가노,1,8,겨울,흐림,맑음,0.1,1.2,0
나가노,1,9,겨울,맑음,맑음,1,1.7,0
나가노,1,10,겨울,맑음,맑음,1.2,1.6,0
나가노,1,11,겨울,눈,맑음,0.5,3,0
나가노,1,12,겨울,맑음,흐림,-0.9,2.1,0
나가노,1,13,겨울,쾌청,맑음,-0.6,1,0
나가노,1,14,겨울,흐림,눈,0.1,1.9,0
나가노,1,15,겨울,눈,맑음,-0.5,1.8,0
나가노,1,16,겨울,맑음,눈,-1,2.2,0
나가노,1,17,겨울,맑음,흐림,-0.4,1.5,0
나가노,1,18,겨울,눈,비,1.2,4.5,13.5
나가노,1,19,겨울,흐림,눈,-0.2,3.4,0
나가노,1,20,겨울,눈,눈,-2.2,2.3,16.5
나가노,1,21,겨울,맑음,다소흐림,-1.6,1.4,0
나가노,1,22,겨울,다소흐림,눈,-2.4,1.8,0
나가노,1,23,겨울,흐림,흐림,-2,1.3,0
나가노,1,24,겨울,눈,눈,-3.9,3,0.5
나가노,1,25,겨울,눈,맑음,-4.4,1.7,0
나가노,1,26,겨울,쾌청,쾌청,-3.5,1.3,0
나가노,1,27,겨울,쾌청,쾌청,-0.9,1.4,0
나가노,1,28,겨울,쾌청,맑음,0.5,1.2,0
나가노,1,29,겨울,비,진눈깨비,0.6,1.1,17
나가노,1,30,겨울,흐림,흐림,0.1,2,4
나가노,1,31,겨울,흐림,맑음,0.1,1.1,0
나가노,2,1,겨울,눈,흐림,-0.6,3.2,0
나가노,2,2,겨울,눈,눈,-1.7,1.9,0
나가노,2,3,겨울,맑음,맑음,-2.1,1.9,0
나가노,2,4,겨울,다소흐림,쾌청,-0.9,1.6,0
나가노,2,5,겨울,흐림,다소흐림,1.1,1.6,0
나가노,2,6,겨울,맑음,맑음,1.1,2.7,0
나가노,2,7,겨울,눈,맑음,-1.7,2.9,0
나가노,2,8,겨울,쾌청,쾌청,-1.8,1.8,0
나가노,2,9,겨울,흐림,눈,-0.9,1.4,5.5
나가노,2,10,겨울,눈,맑음,-1,2.6,2
나가노,2,11,겨울,흐림,쾌청,-0.3,1.4,0
나가노,2,12,겨울,맑음,흐림,3.5,1.2,0
나가노,2,13,겨울,맑음,흐림,8.7,2.9,0
나가노,2,14,겨울,비,비,10.1,3,14
나가노,2,15,겨울,눈,눈,0.5,3.9,1
나가노,2,16,겨울,맑음,흐림,0.3,1.6,0
나가노,2,17,겨울,눈,눈,-0.2,2.4,1
나가노,2,18,겨울,쾌청,쾌청,1.2,2,0
나가노,2,19,겨울,쾌청,쾌청,4.3,1.8,0
나가노,2,20,겨울,흐림,비,4.5,2.5,12.5
나가노,2,21,겨울,흐림,맑음,3.9,2.9,0
나가노,2,22,겨울,흐림,다소흐림,1.8,2.5,0
나가노,2,23,겨울,쾌청,맑음,4.5,2.4,0
나가노,2,24,겨울,눈,맑음,-0.1,4.2,0
나가노,2,25,겨울,흐림,맑음,-1.1,2,0
나가노,2,26,겨울,쾌청,흐림,0.3,2,0
나가노,2,27,겨울,쾌청,흐림,3.8,3.3,0
나가노,2,28,겨울,쾌청,맑음,6.3,2.8,0
나가노,2,29,겨울,흐림,눈,4,4.3,5
나가노,3,1,봄,맑음,맑음,-2.2,3.2,1
나가노,3,2,봄,맑음,맑음,-0.1,1.7,0
나가노,3,3,봄,맑음,맑음,3.1,2.4,0
나가노,3,4,봄,맑음,쾌청,4.8,1.7,0
나가노,3,5,봄,맑음,맑음,8,3,0
나가노,3,6,봄,다소흐림,흐림,14,4.7,0
나가노,3,7,봄,흐림,흐림,11.7,1.8,0
나가노,3,8,봄,맑음,다소흐림,10,3,0
나가노,3,9,봄,비,눈,2.1,3.3,5
나가노,3,10,봄,흐림,다소흐림,1.6,3.9,0
나가노,3,11,봄,흐림,맑음,2,2.7,0
나가노,3,12,봄,흐림,흐림,1.6,2.5,0
나가노,3,13,봄,다소흐림,다소흐림,3.9,1.5,0
나가노,3,14,봄,눈,진눈깨비,1.4,1.7,8.5
나가노,3,15,봄,눈,맑음,1.7,3.2,1.5
나가노,3,16,봄,다소흐림,다소흐림,5.1,1.5,0
나가노,3,17,봄,쾌청,쾌청,8.9,1.7,0
나가노,3,18,봄,다소흐림,흐림,11.8,2.3,0.5
나가노,3,19,봄,비,비,12,4.2,2.5
나가노,3,20,봄,비,흐림,5.6,4.6,0
나가노,3,21,봄,맑음,맑음,3.9,3.7,0
나가노,3,22,봄,쾌청,쾌청,5.7,1.8,0
나가노,3,23,봄,흐림,다소흐림,4.6,3.7,0
나가노,3,24,봄,눈,흐림,2.8,2.8,0
나가노,3,25,봄,눈,눈,1,2.5,0.5
나가노,3,26,봄,쾌청,쾌청,3.5,2.5,0
나가노,3,27,봄,맑음,맑음,7.1,2.5,0
나가노,3,28,봄,맑음,맑음,7.3,2.9,0
나가노,3,29,봄,쾌청,다소흐림,8.6,1.6,0
나가노,3,30,봄,맑음,흐림,11.1,2.3,0
나가노,3,31,봄,쾌청,다소흐림,10.4,2,0
나가노,4,1,봄,다소흐림,다소흐림,12,3.4,0
나가노,4,2,봄,쾌청,맑음,13.2,5.7,0
나가노,4,3,봄,다소흐림,흐림,15.2,3.1,0
나가노,4,4,봄,비,비,10.8,3.6,12
나가노,4,5,봄,흐림,맑음,9.5,2.1,0
나가노,4,6,봄,다소흐림,다소흐림,10.5,2,0
나가노,4,7,봄,비,비,11.7,4.9,25
나가노,4,8,봄,흐림,다소흐림,11.3,3.1,0
나가노,4,9,봄,다소흐림,맑음,12.5,2,0
나가노,4,10,봄,다소흐림,흐림,12.1,1.9,0
나가노,4,11,봄,비,맑음,4.2,5.3,1
나가노,4,12,봄,쾌청,다소흐림,8.1,2.6,0.5
나가노,4,13,봄,다소흐림,흐림,14,3.9,11.5
나가노,4,14,봄,다소흐림,맑음,14.4,3,9.5
나가노,4,15,봄,쾌청,쾌청,9.9,4.4,0
나가노,4,16,봄,맑음,다소흐림,13.1,2.8,0
나가노,4,17,봄,비,맑음,18.3,5.5,1.5
나가노,4,18,봄,흐림,흐림,12.3,3,0
나가노,4,19,봄,쾌청,맑음,10.9,3.1,0
나가노,4,20,봄,쾌청,다소흐림,12.8,2.6,0
나가노,4,21,봄,다소흐림,비,13.9,4.6,15
나가노,4,22,봄,흐림,다소흐림,14.5,2.8,0
나가노,4,23,봄,다소흐림,다소흐림,17.2,2.6,0
나가노,4,24,봄,다소흐림,흐림,14.3,3.3,0
나가노,4,25,봄,다소흐림,다소흐림,15.6,2.1,0
나가노,4,26,봄,쾌청,다소흐림,16.4,2.3,0
나가노,4,27,봄,다소흐림,흐림,16.2,2.1,1.5
나가노,4,28,봄,비,흐림,13.2,4.1,31
나가노,4,29,봄,맑음,비,9.6,4.2,0
나가노,4,30,봄,맑음,흐림,11.1,1.9,0
나가노,5,1,봄,맑음,흐림,15.6,2.7,0
나가노,5,2,봄,다소흐림,다소흐림,17.4,2.2,0
나가노,5,3,봄,다소흐림,흐림,20.4,5.3,0
나가노,5,4,봄,맑음,쾌청,18.6,4.9,5
나가노,5,5,봄,맑음,쾌청,16,3.1,0
나가노,5,6,봄,다소흐림,흐림,15.8,4.2,0
나가노,5,7,봄,맑음,맑음,17.3,5.2,0
나가노,5,8,봄,쾌청,다소흐림,15.3,3.2,0
나가노,5,9,봄,다소흐림,흐림,16.2,3.6,0
나가노,5,10,봄,흐림,흐림,19.5,2.9,0
나가노,5,11,봄,비,흐림,18.2,3.8,5.5
나가노,5,12,봄,맑음,쾌청,17,2.8,0
나가노,5,13,봄,쾌청,맑음,19.3,4.2,0
나가노,5,14,봄,맑음,맑음,18.8,2.2,0
나가노,5,15,봄,다소흐림,맑음,20.2,3.9,0
나가노,5,16,봄,다소흐림,다소흐림,20.6,5.5,0
나가노,5,17,봄,비,흐림,12.5,3.2,18
나가노,5,18,봄,쾌청,맑음,15.9,2.3,0
나가노,5,19,봄,맑음,다소흐림,18.9,2.2,0
나가노,5,20,봄,다소흐림,다소흐림,19.3,3.7,0
나가노,5,21,봄,쾌청,쾌청,18.2,2.7,0
나가노,5,22,봄,쾌청,쾌청,19.3,2.3,0
나가노,5,23,봄,다소흐림,맑음,20.3,2.6,0
나가노,5,24,봄,다소흐림,다소흐림,22.6,1.9,0
나가노,5,25,봄,흐림,흐림,22.6,4,0
나가노,5,26,봄,맑음,흐림,23.3,2.3,0
나가노,5,27,봄,흐림,맑음,18.2,2.7,5
나가노,5,28,봄,흐림,흐림,18.5,1.6,0
나가노,5,29,봄,다소흐림,흐림,21.3,2.4,0.5
나가노,5,30,봄,흐림,흐림,17.9,5.7,0.5
나가노,5,31,봄,다소흐림,다소흐림,20.4,2.4,0
나가노,6,1,여름,맑음,흐림,15,4.5,0
나가노,6,2,여름,맑음,맑음,13.5,4,0
나가노,6,3,여름,쾌청,쾌청,15.9,1.8,0
나가노,6,4,여름,다소흐림,흐림,20,2.2,0
나가노,6,5,여름,흐림,맑음,19.9,2.6,0
나가노,6,6,여름,다소흐림,다소흐림,20.2,2.6,0
나가노,6,7,여름,다소흐림,흐림,21.7,3.7,0
나가노,6,8,여름,맑음,다소흐림,23.3,3.9,0
나가노,6,9,여름,비,흐림,20.6,3,3
나가노,6,10,여름,맑음,쾌청,21.5,2.3,0
나가노,6,11,여름,다소흐림,다소흐림,22.9,2.2,19.5
나가노,6,12,여름,다소흐림,다소흐림,22.6,3.1,0
나가노,6,13,여름,비,흐림,18.7,2.8,22
나가노,6,14,여름,흐림,흐림,21.2,2.5,0
나가노,6,15,여름,맑음,흐림,22.9,3.1,0
나가노,6,16,여름,흐림,비,21.5,5.4,0.5
나가노,6,17,여름,맑음,맑음,22.3,3.1,0
나가노,6,18,여름,맑음,맑음,22.5,2.3,0
나가노,6,19,여름,흐림,비,22.3,3.2,1
나가노,6,20,여름,쾌청,흐림,23,2.8,0
나가노,6,21,여름,흐림,맑음,21.9,2.3,0
나가노,6,22,여름,흐림,다소흐림,22.3,1.6,5.5
나가노,6,23,여름,비,흐림,20,2.6,13.5
나가노,6,24,여름,흐림,비,20.3,3.1,11.5
나가노,6,25,여름,흐림,흐림,21.7,2.6,11
나가노,6,26,여름,맑음,흐림,19.9,2.2,0
나가노,6,27,여름,쾌청,맑음,21.7,1.6,0
나가노,6,28,여름,흐림,흐림,18.8,2.8,15.5
나가노,6,29,여름,흐림,흐림,21.9,2.8,0
나가노,6,30,여름,흐림,흐림,23.6,2.9,0
나가노,7,1,여름,맑음,쾌청,25.3,2.1,0
나가노,7,2,여름,흐림,흐림,26.7,2.3,0
나가노,7,3,여름,비,맑음,24.7,2.1,0.5
나가노,7,4,여름,흐림,흐림,22.8,2,5
나가노,7,5,여름,맑음,흐림,24.1,2.6,1
나가노,7,6,여름,흐림,흐림,26,2.6,0
나가노,7,7,여름,흐림,맑음,25.5,1.9,0
나가노,7,8,여름,흐림,흐림,24.5,1.4,0
나가노,7,9,여름,비,비,22,1.2,6
나가노,7,10,여름,다소흐림,맑음,24.3,2,0
나가노,7,11,여름,맑음,다소흐림,23.6,2.4,0
나가노,7,12,여름,다소흐림,다소흐림,25,1.8,0
나가노,7,13,여름,비,흐림,23.9,1.1,12
나가노,7,14,여름,맑음,흐림,24.2,2.2,3
나가노,7,15,여름,흐림,맑음,22.8,1.9,8
나가노,7,16,여름,다소흐림,흐림,24.5,2.3,0.5
나가노,7,17,여름,비,흐림,25.2,2.8,1
나가노,7,18,여름,맑음,맑음,24.4,3.1,0
나가노,7,19,여름,맑음,맑음,24.3,2.9,0
나가노,7,20,여름,흐림,맑음,23.4,2.4,0
나가노,7,21,여름,다소흐림,흐림,23.4,2.2,0
나가노,7,22,여름,흐림,맑음,24.2,2.6,0
나가노,7,23,여름,맑음,다소흐림,24.7,3.4,0
나가노,7,24,여름,맑음,맑음,25.2,3.5,0
나가노,7,25,여름,다소흐림,흐림,24.7,2.8,0
나가노,7,26,여름,흐림,비,22.2,3.3,34.5
나가노,7,27,여름,흐림,다소흐림,25.1,2.6,7.5
나가노,7,28,여름,흐림,다소흐림,27.1,3.1,0
나가노,7,29,여름,맑음,맑음,27.7,3.3,0
나가노,7,30,여름,흐림,흐림,27.2,2.6,0
나가노,7,31,여름,맑음,흐림,27,2.5,0
나가노,8,1,여름,맑음,비,26.6,2.6,0
나가노,8,2,여름,흐림,맑음,24.8,2.3,3.5
나가노,8,3,여름,다소흐림,다소흐림,25.1,1.8,0.5
나가노,8,4,여름,맑음,맑음,26.3,2,0
나가노,8,5,여름,맑음,맑음,27.2,2,0
나가노,8,6,여름,맑음,맑음,28.4,1.9,0
나가노,8,7,여름,쾌청,맑음,29.3,3.2,0
나가노,8,8,여름,쾌청,다소흐림,27.3,3.6,0
나가노,8,9,여름,맑음,비,26,3,0
나가노,8,10,여름,흐림,다소흐림,24.8,2.6,0
나가노,8,11,여름,다소흐림,맑음,25.4,2,0
나가노,8,12,여름,맑음,쾌청,26.6,2,0
나가노,8,13,여름,쾌청,맑음,27.2,2.8,0
나가노,8,14,여름,다소흐림,맑음,27,2.7,0
나가노,8,15,여름,흐림,비,26.2,2.7,0
나가노,8,16,여름,흐림,맑음,27.6,3.5,0
나가노,8,17,여름,맑음,비,25,2.6,0
나가노,8,18,여름,흐림,비,25.3,2.1,3.5
나가노,8,19,여름,맑음,맑음,26.8,2.3,0
나가노,8,20,여름,흐림,비,27,3.4,0
나가노,8,21,여름,쾌청,흐림,27.2,2,14.5
나가노,8,22,여름,흐림,흐림,25.7,3,0
나가노,8,23,여름,비,맑음,23.8,2.3,1
나가노,8,24,여름,흐림,맑음,25.7,2,1
나가노,8,25,여름,맑음,맑음,27.6,2.9,12
나가노,8,26,여름,흐림,흐림,26.2,3.2,10
나가노,8,27,여름,비,비,20,2.4,16
나가노,8,28,여름,흐림,흐림,23.4,4,0
나가노,8,29,여름,맑음,맑음,25.8,5.3,2
나가노,8,30,여름,비,비,20.4,1.8,12.5
나가노,8,31,여름,쾌청,쾌청,23.9,3,0
나가노,9,1,가을,맑음,다소흐림,23.4,2.2,0
나가노,9,2,가을,맑음,맑음,25.5,2.8,0
나가노,9,3,가을,쾌청,맑음,26.8,4.2,0
나가노,9,4,가을,쾌청,맑음,27.7,3.9,0
나가노,9,5,가을,맑음,흐림,27,3.1,0
나가노,9,6,가을,흐림,맑음,26.3,2.2,0
나가노,9,7,가을,흐림,흐림,25.6,1.7,0
나가노,9,8,가을,흐림,비,24.2,3.6,21
나가노,9,9,가을,맑음,맑음,22.6,3,0
나가노,9,10,가을,맑음,맑음,22.3,2.2,0
나가노,9,11,가을,흐림,흐림,22.3,1.5,0
나가노,9,12,가을,맑음,흐림,23.4,2.5,0.5
나가노,9,13,가을,비,흐림,22.3,3,22
나가노,9,14,가을,비,다소흐림,22.4,1.9,0.5
나가노,9,15,가을,흐림,다소흐림,21.9,1.8,0
나가노,9,16,가을,흐림,흐림,22.1,1.5,0
나가노,9,17,가을,흐림,흐림,21.1,1.3,4
나가노,9,18,가을,비,비,19.3,1.3,54.5
나가노,9,19,가을,비,흐림,18.4,2.1,28
나가노,9,20,가을,비,비,16.4,1.6,70
나가노,9,21,가을,흐림,흐림,19.3,3.3,0
나가노,9,22,가을,비,비,18.7,2.7,12
나가노,9,23,가을,흐림,흐림,18.5,1.5,4
나가노,9,24,가을,흐림,흐림,19.6,1.6,0
나가노,9,25,가을,다소흐림,다소흐림,21.5,1.6,0
나가노,9,26,가을,비,비,21.4,1.3,3.5
나가노,9,27,가을,맑음,다소흐림,24,1.8,0
나가노,9,28,가을,흐림,비,21.4,1.2,17.5
나가노,9,29,가을,비,흐림,18.5,3,5
나가노,9,30,가을,다소흐림,흐림,18,1.5,1.5
나가노,10,1,가을,흐림,흐림,18.3,1.6,11
나가노,10,2,가을,맑음,흐림,22.4,1.5,0.5
나가노,10,3,가을,흐림,비,22.5,2.6,0
나가노,10,4,가을,흐림,다소흐림,19.6,2.1,0
나가노,10,5,가을,흐림,흐림,21.9,5.1,0
나가노,10,6,가을,흐림,맑음,19.7,4.3,0
나가노,10,7,가을,맑음,맑음,17.1,2.9,0
나가노,10,8,가을,비,비,20.7,3.4,0
나가노,10,9,가을,비,맑음,15.9,3.5,13.5
나가노,10,10,가을,맑음,흐림,13.5,2.9,0
나가노,10,11,가을,흐림,흐림,13.6,1.3,0
나가노,10,12,가을,맑음,비,12.7,2.6,0
나가노,10,13,가을,흐림,맑음,12.1,2.1,0
나가노,10,14,가을,맑음,쾌청,12.1,1.4,0
나가노,10,15,가을,쾌청,쾌청,12.7,1.5,0
나가노,10,16,가을,맑음,맑음,15.5,3.1,0.5
나가노,10,17,가을,비,맑음,17.1,3.5,8
나가노,10,18,가을,쾌청,맑음,19.1,2.3,0
나가노,10,19,가을,흐림,맑음,19.1,1.3,0
나가노,10,20,가을,맑음,쾌청,16.7,3.2,0
나가노,10,21,가을,다소흐림,다소흐림,12,2.3,0
나가노,10,22,가을,흐림,흐림,12.3,1.3,0
나가노,10,23,가을,흐림,비,12.5,3.5,0
나가노,10,24,가을,맑음,쾌청,9.4,3,0
나가노,10,25,가을,흐림,비,10.4,4.3,1
나가노,10,26,가을,안개,맑음,15,2.1,1.5
나가노,10,27,가을,맑음,맑음,11.8,3.8,0
나가노,10,28,가을,흐림,비,8.6,1.5,11.5
나가노,10,29,가을,비,맑음,10.3,4.1,0
나가노,10,30,가을,맑음,쾌청,8.9,2.1,0
나가노,10,31,가을,다소흐림,흐림,10,1.6,0
나가노,11,1,가을,흐림,맑음,9.4,2.6,0
나가노,11,2,가을,맑음,흐림,8.9,2.4,0
나가노,11,3,가을,맑음,맑음,8.6,2.6,0
나가노,11,4,가을,맑음,쾌청,8.2,2.1,0
나가노,11,5,가을,쾌청,쾌청,8.8,1.6,0
나가노,11,6,가을,비,흐림,7.3,3.4,0
나가노,11,7,가을,맑음,쾌청,7.3,2.2,0
나가노,11,8,가을,다소흐림,흐림,8.7,2.8,5
나가노,11,9,가을,비,맑음,3.8,4.9,0.5
나가노,11,10,가을,흐림,흐림,4.9,1.6,0
나가노,11,11,가을,흐림,흐림,8.9,1.6,8
나가노,11,12,가을,맑음,쾌청,10.2,2.2,0
나가노,11,13,가을,쾌청,쾌청,10,1.7,0
나가노,11,14,가을,흐림,맑음,10.9,2.3,8
나가노,11,15,가을,흐림,비,11.1,2.8,1
나가노,11,16,가을,흐림,맑음,5.8,3,0
나가노,11,17,가을,맑음,흐림,4.8,2.4,0
나가노,11,18,가을,맑음,쾌청,6.8,1.4,0
나가노,11,19,가을,비,맑음,9.4,1.6,9.5
나가노,11,20,가을,흐림,흐림,10.6,2.2,0
나가노,11,21,가을,흐림,흐림,11.1,2.3,0
나가노,11,22,가을,흐림,흐림,10.8,2.2,0
나가노,11,23,가을,흐림,흐림,3.5,4.5,0
나가노,11,24,가을,눈,흐림,0.3,1.1,5
나가노,11,25,가을,맑음,흐림,2,1.5,0
나가노,11,26,가을,흐림,다소흐림,5.8,3.1,0
나가노,11,27,가을,비,비,6.8,1,13.5
나가노,11,28,가을,비,맑음,5.3,3,0
나가노,11,29,가을,비,맑음,3.9,3.4,0
나가노,11,30,가을,다소흐림,흐림,5.2,2.7,0
나가노,12,1,겨울,다소흐림,맑음,8.3,1.7,1
나가노,12,2,겨울,쾌청,쾌청,5.7,2.7,0
나가노,12,3,겨울,쾌청,쾌청,4.7,1.2,0
나가노,12,4,겨울,다소흐림,다소흐림,6.1,1,0
나가노,12,5,겨울,맑음,맑음,9.1,1.6,0.5
나가노,12,6,겨울,비,비,3.8,3.4,3.5
나가노,12,7,겨울,맑음,쾌청,3.3,1.1,0
나가노,12,8,겨울,흐림,맑음,3.5,1.7,0
나가노,12,9,겨울,맑음,비,4.4,2.7,0.5
나가노,12,10,겨울,눈,맑음,1.7,3.2,0
나가노,12,11,겨울,눈,흐림,-0.5,1.6,2.5
나가노,12,12,겨울,맑음,맑음,0.1,1.6,0
나가노,12,13,겨울,비,흐림,3.6,0.9,8.5
나가노,12,14,겨울,비,맑음,3.3,3,11
나가노,12,15,겨울,쾌청,맑음,-0.2,1.7,0
나가노,12,16,겨울,눈,맑음,-0.9,2,0
나가노,12,17,겨울,흐림,비,0,1.4,0
나가노,12,18,겨울,쾌청,맑음,1.8,1.1,0
나가노,12,19,겨울,맑음,쾌청,3,1.1,0
나가노,12,20,겨울,맑음,맑음,3.5,1.4,0
나가노,12,21,겨울,안개,다소흐림,4.1,1.7,0
나가노,12,22,겨울,다소흐림,흐림,13,5,10
나가노,12,23,겨울,맑음,맑음,7.7,2.4,2
나가노,12,24,겨울,눈,눈,1.1,2.1,6
나가노,12,25,겨울,다소흐림,쾌청,0.4,1.4,0
나가노,12,26,겨울,흐림,흐림,3,1,0
나가노,12,27,겨울,비,비,3.8,3.4,14.5
나가노,12,28,겨울,눈,맑음,-1,2.5,5.5
나가노,12,29,겨울,맑음,맑음,-1,1.8,0.5
나가노,12,30,겨울,맑음,맑음,-0.8,2.8,0
나가노,12,31,겨울,맑음,쾌청,-0.7,1.3,0
요코하마,1,1,겨울,쾌청,쾌청,8.3,3.4,0
요코하마,1,2,겨울,다소흐림,맑음,7.9,2.2,0
요코하마,1,3,겨울,맑음,다소흐림,10.1,2,0
요코하마,1,4,겨울,쾌청,쾌청,10.8,1.9,0
요코하마,1,5,겨울,쾌청,맑음,11.8,2.1,0
요코하마,1,6,겨울,흐림,다소흐림,9.7,2.3,0
요코하마,1,7,겨울,쾌청,맑음,9.3,3.2,0
요코하마,1,8,겨울,쾌청,다소흐림,8.1,2.6,0
요코하마,1,9,겨울,쾌청,쾌청,8.1,2.5,0
요코하마,1,10,겨울,쾌청,맑음,8.4,2.4,0
요코하마,1,11,겨울,흐림,맑음,7.9,2.6,0
요코하마,1,12,겨울,흐림,흐림,4.5,3.4,0
요코하마,1,13,겨울,흐림,쾌청,5.8,2,0
요코하마,1,14,겨울,쾌청,쾌청,7.1,2,0
요코하마,1,15,겨울,흐림,맑음,6.5,3.5,0
요코하마,1,16,겨울,쾌청,쾌청,7.2,2.6,0
요코하마,1,17,겨울,맑음,흐림,6.5,3.3,3.5
요코하마,1,18,겨울,비,흐림,4.5,5.9,45.5
요코하마,1,19,겨울,쾌청,쾌청,5.7,7,0
요코하마,1,20,겨울,쾌청,맑음,4.8,5.2,0
요코하마,1,21,겨울,맑음,다소흐림,5.9,3,0
요코하마,1,22,겨울,맑음,맑음,6.4,4,0
요코하마,1,23,겨울,흐림,비,4.8,3.2,0
요코하마,1,24,겨울,쾌청,쾌청,3.6,4.2,0
요코하마,1,25,겨울,쾌청,쾌청,3.6,2.5,0
요코하마,1,26,겨울,맑음,쾌청,4.7,2.5,0
요코하마,1,27,겨울,쾌청,맑음,7.3,2.5,0
요코하마,1,28,겨울,쾌청,쾌청,8.6,1.8,0
요코하마,1,29,겨울,비,비,5.8,3.2,21
요코하마,1,30,겨울,비,흐림,3.9,4.2,3.5
요코하마,1,31,겨울,흐림,흐림,6.8,1.9,0
요코하마,2,1,겨울,흐림,흐림,5.2,3.1,0
요코하마,2,2,겨울,맑음,맑음,6,3.8,0
요코하마,2,3,겨울,흐림,맑음,5.6,3.9,0
요코하마,2,4,겨울,흐림,맑음,6,2.3,0
요코하마,2,5,겨울,쾌청,다소흐림,7.7,2.3,0
요코하마,2,6,겨울,흐림,흐림,7.2,3.3,0
요코하마,2,7,겨울,쾌청,맑음,5.6,4.2,0
요코하마,2,8,겨울,흐림,맑음,5.1,2.8,0
요코하마,2,9,겨울,쾌청,맑음,7.2,4,0
요코하마,2,10,겨울,쾌청,쾌청,6.6,4.8,0
요코하마,2,11,겨울,쾌청,쾌청,6.6,3.5,0
요코하마,2,12,겨울,흐림,흐림,7.3,2.7,0.5
요코하마,2,13,겨울,맑음,맑음,14.5,4.3,0
요코하마,2,14,겨울,비,맑음,18.6,8.2,53
요코하마,2,15,겨울,맑음,흐림,8.8,4.8,0.5
요코하마,2,16,겨울,쾌청,맑음,5.8,4,0
요코하마,2,17,겨울,쾌청,맑음,6.8,4.8,0
요코하마,2,18,겨울,흐림,맑음,6.7,3.1,0
요코하마,2,19,겨울,쾌청,맑음,11,2.6,0
요코하마,2,20,겨울,흐림,비,8.2,3.5,39.5
요코하마,2,21,겨울,맑음,맑음,10.3,3.7,0
요코하마,2,22,겨울,다소흐림,흐림,7.4,3.5,0
요코하마,2,23,겨울,흐림,맑음,7.5,2.4,0
요코하마,2,24,겨울,흐림,흐림,6.5,4.3,0
요코하마,2,25,겨울,흐림,맑음,4.4,2.5,0.5
요코하마,2,26,겨울,쾌청,맑음,6.3,3,0
요코하마,2,27,겨울,맑음,쾌청,8.2,4.6,0
요코하마,2,28,겨울,맑음,맑음,9.7,3.5,0.5
요코하마,2,29,겨울,흐림,비,8.6,3.6,7
요코하마,3,1,봄,쾌청,쾌청,5.6,4.5,0
요코하마,3,2,봄,쾌청,쾌청,6.9,2.8,0
요코하마,3,3,봄,쾌청,쾌청,10.4,2.2,0
요코하마,3,4,봄,맑음,맑음,11.1,2.7,0
요코하마,3,5,봄,맑음,맑음,11.7,3.2,0
요코하마,3,6,봄,흐림,비,12.9,3.5,16.5
요코하마,3,7,봄,비,비,15,2.5,87.5
요코하마,3,8,봄,흐림,맑음,15.4,2.4,0
요코하마,3,9,봄,흐림,비,9.4,3.2,26.5
요코하마,3,10,봄,흐림,흐림,6.6,4,0
요코하마,3,11,봄,비,비,5,2.4,1
요코하마,3,12,봄,흐림,흐림,6.4,2.9,0
요코하마,3,13,봄,다소흐림,흐림,7.3,3.5,0
요코하마,3,14,봄,비,비,5.8,5.5,44.5
요코하마,3,15,봄,쾌청,맑음,8.7,5.4,0.5
요코하마,3,16,봄,흐림,흐림,9.5,2.6,0
요코하마,3,17,봄,쾌청,쾌청,12.9,2.4,0
요코하마,3,18,봄,맑음,흐림,14.9,4.2,0
요코하마,3,19,봄,비,흐림,15.3,3.5,19.5
요코하마,3,20,봄,흐림,맑음,12.8,4,0.5
요코하마,3,21,봄,흐림,맑음,9.6,2.9,0
요코하마,3,22,봄,흐림,쾌청,11.3,3.8,0
요코하마,3,23,봄,다소흐림,맑음,12.1,3.2,0
요코하마,3,24,봄,비,흐림,6.9,2.6,0
요코하마,3,25,봄,쾌청,흐림,8.6,3.3,0
요코하마,3,26,봄,흐림,맑음,8.2,3.2,0
요코하마,3,27,봄,흐림,맑음,10.5,3.4,0
요코하마,3,28,봄,흐림,흐림,11.2,2.8,10
요코하마,3,29,봄,쾌청,다소흐림,12.6,3.6,0
요코하마,3,30,봄,다소흐림,다소흐림,15.1,4.4,0
요코하마,3,31,봄,맑음,다소흐림,15.3,3.3,0
요코하마,4,1,봄,흐림,흐림,13.2,3.6,4
요코하마,4,2,봄,비,흐림,10.9,3.5,1.5
요코하마,4,3,봄,비,흐림,13.5,2.8,3.5
요코하마,4,4,봄,비,흐림,16.3,4.8,8
요코하마,4,5,봄,흐림,흐림,11.2,2.4,0.5
요코하마,4,6,봄,맑음,흐림,14.5,2.4,0
요코하마,4,7,봄,비,비,15.1,3.8,43.5
요코하마,4,8,봄,흐림,흐림,16.9,2.7,0
요코하마,4,9,봄,다소흐림,다소흐림,17.2,3.7,0
요코하마,4,10,봄,다소흐림,흐림,17.4,2.3,0
요코하마,4,11,봄,흐림,맑음,12,4.8,0
요코하마,4,12,봄,쾌청,다소흐림,11.1,4,0
요코하마,4,13,봄,비,다소흐림,14.9,3.2,6
요코하마,4,14,봄,비,흐림,15,2.8,39.5
요코하마,4,15,봄,쾌청,쾌청,16.8,4.2,0
요코하마,4,16,봄,흐림,다소흐림,16.4,3.5,0
요코하마,4,17,봄,흐림,맑음,19.2,8.3,1
요코하마,4,18,봄,다소흐림,흐림,18.8,4.1,1
요코하마,4,19,봄,쾌청,쾌청,16.7,3.4,0
요코하마,4,20,봄,쾌청,다소흐림,15.4,3.9,0
요코하마,4,21,봄,흐림,비,16.7,4.7,10
요코하마,4,22,봄,맑음,흐림,16.6,3.5,0.5
요코하마,4,23,봄,흐림,흐림,17.7,3.3,0
요코하마,4,24,봄,비,흐림,15.8,2.6,5
요코하마,4,25,봄,다소흐림,다소흐림,18.1,2.1,0
요코하마,4,26,봄,맑음,다소흐림,19.2,3,0
요코하마,4,27,봄,흐림,다소흐림,17.9,2.8,1
요코하마,4,28,봄,비,비,14.8,3.2,27.5
요코하마,4,29,봄,흐림,쾌청,16.4,6.5,1.5
요코하마,4,30,봄,맑음,맑음,16.7,4,0
요코하마,5,1,봄,맑음,맑음,18.9,2.3,0
요코하마,5,2,봄,다소흐림,흐림,18,2.8,0
요코하마,5,3,봄,흐림,다소흐림,20.1,5,0
요코하마,5,4,봄,맑음,쾌청,21.7,8.5,19.5
요코하마,5,5,봄,쾌청,쾌청,22.4,4.7,0
요코하마,5,6,봄,흐림,비,18.6,3.3,0.5
요코하마,5,7,봄,맑음,맑음,20.8,6,0
요코하마,5,8,봄,쾌청,다소흐림,20.8,3.9,0
요코하마,5,9,봄,다소흐림,비,18,2.6,18.5
요코하마,5,10,봄,흐림,흐림,19.1,3.3,4.5
요코하마,5,11,봄,흐림,흐림,22,7.4,13.5
요코하마,5,12,봄,쾌청,쾌청,21.1,3.1,0
요코하마,5,13,봄,맑음,쾌청,20.6,2.7,0
요코하마,5,14,봄,다소흐림,다소흐림,20.1,3.6,0
요코하마,5,15,봄,맑음,다소흐림,17.6,3.4,0
요코하마,5,16,봄,흐림,흐림,19.2,4.4,0
요코하마,5,17,봄,비,비,18.9,3.8,29
요코하마,5,18,봄,쾌청,맑음,20.1,3.5,0
요코하마,5,19,봄,쾌청,다소흐림,19.6,3.9,0
요코하마,5,20,봄,흐림,흐림,17.3,3.3,0
요코하마,5,21,봄,쾌청,쾌청,18.9,3.2,1.5
요코하마,5,22,봄,쾌청,쾌청,22.2,3.2,0
요코하마,5,23,봄,다소흐림,맑음,23.4,2.3,0
요코하마,5,24,봄,다소흐림,흐림,23.5,3.8,0
요코하마,5,25,봄,흐림,흐림,22,5.4,0
요코하마,5,26,봄,흐림,맑음,22.7,5.8,0
요코하마,5,27,봄,비,비,19.6,3.4,19.5
요코하마,5,28,봄,흐림,흐림,19.5,1.8,0
요코하마,5,29,봄,맑음,다소흐림,21.6,2.7,0
요코하마,5,30,봄,비,흐림,17.3,3.6,22.5
요코하마,5,31,봄,흐림,다소흐림,20.2,3.6,0
요코하마,6,1,여름,흐림,다소흐림,21.3,4,1
요코하마,6,2,여름,쾌청,맑음,21.1,6.2,0
요코하마,6,3,여름,맑음,쾌청,19.6,4.5,0
요코하마,6,4,여름,다소흐림,흐림,21.4,5.8,0
요코하마,6,5,여름,비,흐림,18.7,2.9,6.5
요코하마,6,6,여름,흐림,흐림,19.9,2.7,0
요코하마,6,7,여름,흐림,흐림,19.7,2.1,1.5
요코하마,6,8,여름,흐림,흐림,21.6,2.5,3
요코하마,6,9,여름,흐림,흐림,21.1,2.3,10.5
요코하마,6,10,여름,다소흐림,맑음,23.3,3.2,0
요코하마,6,11,여름,맑음,다소흐림,23.1,3.2,0
요코하마,6,12,여름,다소흐림,다소흐림,23.5,3.1,0
요코하마,6,13,여름,비,비,20,5,78.5
요코하마,6,14,여름,맑음,흐림,22.1,3.4,0
요코하마,6,15,여름,흐림,흐림,21.5,2.6,0
요코하마,6,16,여름,흐림,흐림,22.1,3.1,6.5
요코하마,6,17,여름,흐림,맑음,24,2.7,1
요코하마,6,18,여름,맑음,맑음,26.5,3.4,0
요코하마,6,19,여름,흐림,흐림,23.9,3.7,6
요코하마,6,20,여름,흐림,다소흐림,24.4,2.2,1.5
요코하마,6,21,여름,비,흐림,23,1.9,13.5
요코하마,6,22,여름,비,흐림,22.8,2.3,0
요코하마,6,23,여름,비,맑음,23.2,2.5,15.5
요코하마,6,24,여름,흐림,흐림,22.9,2.9,0
요코하마,6,25,여름,흐림,흐림,25.6,7,1.5
요코하마,6,26,여름,다소흐림,다소흐림,24.9,3.3,0
요코하마,6,27,여름,쾌청,맑음,24.4,2.9,0
요코하마,6,28,여름,비,비,19.3,2.6,24
요코하마,6,29,여름,비,흐림,21.3,1.7,5
요코하마,6,30,여름,흐림,흐림,22.9,1.4,0
요코하마,7,1,여름,흐림,맑음,25.4,2,0
요코하마,7,2,여름,흐림,다소흐림,26.5,3.7,0
요코하마,7,3,여름,흐림,흐림,28.9,5.6,0
요코하마,7,4,여름,맑음,맑음,27.6,2.4,26.5
요코하마,7,5,여름,흐림,비,22.2,3.3,0
요코하마,7,6,여름,흐림,맑음,23.7,3,0
요코하마,7,7,여름,맑음,쾌청,27.4,2.7,0
요코하마,7,8,여름,흐림,흐림,24.7,2.2,0
요코하마,7,9,여름,비,비,22.4,3.2,17.5
요코하마,7,10,여름,맑음,다소흐림,25.2,2.4,0
요코하마,7,11,여름,맑음,맑음,27.2,2.6,0
요코하마,7,12,여름,비,맑음,26.5,2.8,0
요코하마,7,13,여름,비,비,25.3,1.5,1
요코하마,7,14,여름,흐림,맑음,26.8,2.5,61
요코하마,7,15,여름,흐림,비,22.9,2.4,110
요코하마,7,16,여름,흐림,맑음,24,2.6,0
요코하마,7,17,여름,흐림,흐림,26.4,2.6,0
요코하마,7,18,여름,다소흐림,맑음,28.6,3,0
요코하마,7,19,여름,맑음,맑음,27.9,3.1,0
요코하마,7,20,여름,흐림,흐림,26.2,3,2.5
요코하마,7,21,여름,비,비,21.9,2.5,61.5
요코하마,7,22,여름,비,흐림,21.8,2.8,9
요코하마,7,23,여름,흐림,흐림,22.7,3,0
요코하마,7,24,여름,맑음,맑음,24,2.9,0
요코하마,7,25,여름,흐림,흐림,24.9,2.2,0
요코하마,7,26,여름,흐림,비,24,2.9,1
요코하마,7,27,여름,흐림,비,24.1,3.2,0
요코하마,7,28,여름,흐림,다소흐림,26.2,3,0
요코하마,7,29,여름,맑음,쾌청,26.8,2.7,0
요코하마,7,30,여름,맑음,맑음,27.4,2,0
요코하마,7,31,여름,맑음,비,27.6,2.8,0
요코하마,8,1,여름,흐림,맑음,27.2,3,1
요코하마,8,2,여름,흐림,흐림,26.6,2.5,4.5
요코하마,8,3,여름,흐림,흐림,27.1,2.5,4
요코하마,8,4,여름,맑음,맑음,28.2,3,0
요코하마,8,5,여름,맑음,맑음,28.5,3.3,0
요코하마,8,6,여름,맑음,맑음,28.9,2.7,0
요코하마,8,7,여름,맑음,맑음,28.8,3.6,0
요코하마,8,8,여름,흐림,다소흐림,29.2,5.5,0
요코하마,8,9,여름,다소흐림,맑음,31.6,3,0
요코하마,8,10,여름,흐림,다소흐림,29.3,3.9,0
요코하마,8,11,여름,흐림,다소흐림,27.2,2.9,0
요코하마,8,12,여름,흐림,맑음,26.6,3,0
요코하마,8,13,여름,맑음,맑음,26.4,2.9,0
요코하마,8,14,여름,흐림,흐림,26.4,2.8,0
요코하마,8,15,여름,흐림,흐림,27.2,3.7,0
요코하마,8,16,여름,흐림,흐림,27.1,4.1,33.5
요코하마,8,17,여름,맑음,흐림,28.7,6.1,9.5
요코하마,8,18,여름,다소흐림,흐림,28.4,3,4.5
요코하마,8,19,여름,맑음,맑음,28.2,3.3,0
요코하마,8,20,여름,비,흐림,26.3,3.5,18.5
요코하마,8,21,여름,흐림,흐림,28,2.8,0
요코하마,8,22,여름,비,비,26.3,5,104
요코하마,8,23,여름,흐림,흐림,27,3.3,0
요코하마,8,24,여름,흐림,흐림,26.5,2.6,5.5
요코하마,8,25,여름,맑음,맑음,27.9,2.6,0
요코하마,8,26,여름,맑음,쾌청,28.4,3,0
요코하마,8,27,여름,흐림,비,24.8,2.9,2.5
요코하마,8,28,여름,비,흐림,22.5,3,10.5
요코하마,8,29,여름,흐림,맑음,26.1,3.8,2.5
요코하마,8,30,여름,비,비,25.6,5.5,20
요코하마,8,31,여름,쾌청,쾌청,27,5.8,0
요코하마,9,1,가을,맑음,맑음,27.2,3,0
요코하마,9,2,가을,맑음,맑음,26.9,3.2,0
요코하마,9,3,가을,흐림,맑음,27,3.1,2
요코하마,9,4,가을,흐림,맑음,27,2.3,12
요코하마,9,5,가을,맑음,맑음,28.2,3,0
요코하마,9,6,가을,다소흐림,다소흐림,28.3,4.9,0
요코하마,9,7,가을,흐림,맑음,27.1,4,3.5
요코하마,9,8,가을,흐림,흐림,27.2,4,0.5
요코하마,9,9,가을,맑음,맑음,27.8,2.2,0
요코하마,9,10,가을,맑음,쾌청,27.2,3.3,0
요코하마,9,11,가을,비,흐림,23,2.4,16.5
요코하마,9,12,가을,흐림,흐림,24.5,3.5,0
요코하마,9,13,가을,비,비,23.2,2.8,57.5
요코하마,9,14,가을,비,흐림,22.7,2.3,9
요코하마,9,15,가을,흐림,흐림,24.3,2.1,5
요코하마,9,16,가을,비,흐림,23.6,1.6,0.5
요코하마,9,17,가을,맑음,다소흐림,25.3,2.4,0
요코하마,9,18,가을,비,비,25.2,3.9,0.5
요코하마,9,19,가을,흐림,비,21.8,3,19.5
요코하마,9,20,가을,비,비,19.3,5.6,112
요코하마,9,21,가을,흐림,흐림,20.4,3.3,0
요코하마,9,22,가을,비,흐림,19.6,4.4,52.5
요코하마,9,23,가을,흐림,비,21.4,1.3,17
요코하마,9,24,가을,흐림,비,21.9,2.2,5
요코하마,9,25,가을,흐림,흐림,23.8,2.1,0
요코하마,9,26,가을,흐림,흐림,25.5,1.7,0
요코하마,9,27,가을,흐림,맑음,26,2.2,0
요코하마,9,28,가을,흐림,비,26.9,4.1,0
요코하마,9,29,가을,비,흐림,25.4,2.9,0
요코하마,9,30,가을,흐림,흐림,21.7,2.6,1
요코하마,10,1,가을,비,흐림,20.1,2.6,2
요코하마,10,2,가을,흐림,쾌청,22.9,1.7,0
요코하마,10,3,가을,비,비,22.8,2.4,3.5
요코하마,10,4,가을,다소흐림,흐림,25.2,2.2,0
요코하마,10,5,가을,흐림,흐림,24.6,3.1,0.5
요코하마,10,6,가을,다소흐림,흐림,26.2,3.8,0
요코하마,10,7,가을,흐림,흐림,21.5,3.7,0
요코하마,10,8,가을,흐림,맑음,22.3,3.5,12
요코하마,10,9,가을,비,흐림,22.8,5.3,6.5
요코하마,10,10,가을,흐림,흐림,18.9,3,0
요코하마,10,11,가을,흐림,흐림,18.2,2.6,0
요코하마,10,12,가을,맑음,다소흐림,18.6,2.4,0
요코하마,10,13,가을,흐림,흐림,16.9,3,0
요코하마,10,14,가을,흐림,다소흐림,16.8,3,0
요코하마,10,15,가을,쾌청,쾌청,17.4,3,0
요코하마,10,16,가을,맑음,맑음,18.5,2.5,0
요코하마,10,17,가을,비,흐림,18.1,3,13.5
요코하마,10,18,가을,맑음,다소흐림,21.6,2.1,3.5
요코하마,10,19,가을,흐림,흐림,21.4,2.7,0
요코하마,10,20,가을,쾌청,쾌청,22.3,2.8,0
요코하마,10,21,가을,흐림,흐림,19,3,0
요코하마,10,22,가을,흐림,흐림,17.2,3.3,0
요코하마,10,23,가을,다소흐림,흐림,18.4,3.7,0
요코하마,10,24,가을,흐림,쾌청,15.8,2.5,0
요코하마,10,25,가을,맑음,흐림,14.8,2.6,3
요코하마,10,26,가을,쾌청,쾌청,20.4,2.7,0
요코하마,10,27,가을,쾌청,흐림,19.7,4.2,0
요코하마,10,28,가을,흐림,비,12.8,3.5,20
요코하마,10,29,가을,흐림,흐림,15.9,2.7,1
요코하마,10,30,가을,흐림,흐림,12.4,2.7,1
요코하마,10,31,가을,맑음,흐림,14.7,2.5,0
요코하마,11,1,가을,비,맑음,13.9,2.9,9.5
요코하마,11,2,가을,흐림,흐림,11.6,3.2,2.5
요코하마,11,3,가을,맑음,쾌청,13.3,3.5,0.5
요코하마,11,4,가을,쾌청,맑음,14.4,3.2,0
요코하마,11,5,가을,흐림,쾌청,15.3,3.4,0
요코하마,11,6,가을,쾌청,쾌청,15.8,3.8,0
요코하마,11,7,가을,흐림,맑음,11.8,2.9,0
요코하마,11,8,가을,흐림,흐림,11,2.2,3.5
요코하마,11,9,가을,비,쾌청,10.9,6.8,5
요코하마,11,10,가을,흐림,흐림,10.1,4,0
요코하마,11,11,가을,비,비,9.4,5.4,47
요코하마,11,12,가을,쾌청,쾌청,14.6,2.9,0
요코하마,11,13,가을,쾌청,맑음,15.1,2.4,0
요코하마,11,14,가을,흐림,비,14.3,2.6,3.5
요코하마,11,15,가을,흐림,흐림,15.5,2.7,0.5
요코하마,11,16,가을,흐림,흐림,12.9,3.5,0
요코하마,11,17,가을,쾌청,다소흐림,13.3,2.7,0
요코하마,11,18,가을,맑음,맑음,12.5,2.4,0
요코하마,11,19,가을,비,흐림,10.6,2.8,24
요코하마,11,20,가을,쾌청,다소흐림,15,1.9,0
요코하마,11,21,가을,흐림,흐림,13.4,3.3,1.5
요코하마,11,22,가을,맑음,쾌청,14.6,1.9,12.5
요코하마,11,23,가을,흐림,흐림,11.7,4.2,1
요코하마,11,24,가을,눈,눈,3.1,4.9,21
요코하마,11,25,가을,다소흐림,쾌청,6.4,2.8,0
요코하마,11,26,가을,쾌청,맑음,8.9,3.3,0
요코하마,11,27,가을,흐림,흐림,10.6,2.9,10
요코하마,11,28,가을,흐림,맑음,11.5,4.1,6
요코하마,11,29,가을,흐림,맑음,10.8,4.9,0
요코하마,11,30,가을,맑음,흐림,9.4,3.5,0
요코하마,12,1,겨울,비,다소흐림,11.1,3.7,18.5
요코하마,12,2,겨울,쾌청,맑음,12.3,3.4,0
요코하마,12,3,겨울,맑음,흐림,12.1,2.4,0
요코하마,12,4,겨울,다소흐림,다소흐림,13.1,2.6,0.5
요코하마,12,5,겨울,맑음,다소흐림,13.8,2,2.5
요코하마,12,6,겨울,쾌청,쾌청,11.7,4.8,0
요코하마,12,7,겨울,흐림,맑음,8.4,3.2,0
요코하마,12,8,겨울,쾌청,다소흐림,9.8,2.7,0
요코하마,12,9,겨울,쾌청,쾌청,12.1,4.9,0
요코하마,12,10,겨울,쾌청,맑음,9.1,4.7,0
요코하마,12,11,겨울,맑음,맑음,7.4,3.8,0
요코하마,12,12,겨울,맑음,다소흐림,7.5,2.3,0
요코하마,12,13,겨울,흐림,흐림,10.1,2.4,4.5
요코하마,12,14,겨울,비,흐림,8.7,4.4,39
요코하마,12,15,겨울,흐림,맑음,7,4.3,0
요코하마,12,16,겨울,맑음,쾌청,5.5,4.6,0
요코하마,12,17,겨울,쾌청,쾌청,8.1,2,0
요코하마,12,18,겨울,쾌청,맑음,9,1.5,0
요코하마,12,19,겨울,다소흐림,맑음,11.5,1.7,0
요코하마,12,20,겨울,흐림,맑음,10.8,2.2,0
요코하마,12,21,겨울,쾌청,다소흐림,11.8,1.9,0
요코하마,12,22,겨울,다소흐림,흐림,16,5,13.5
요코하마,12,23,겨울,쾌청,맑음,16.2,6.2,7.5
요코하마,12,24,겨울,쾌청,맑음,9.3,4.3,0
요코하마,12,25,겨울,흐림,쾌청,8.1,2.3,0
요코하마,12,26,겨울,흐림,흐림,8.9,2.8,0
요코하마,12,27,겨울,비,흐림,13.2,6.1,4.5
요코하마,12,28,겨울,쾌청,쾌청,6.8,5.3,0
요코하마,12,29,겨울,흐림,맑음,6.4,3,0
요코하마,12,30,겨울,맑음,쾌청,6.6,4.8,0
요코하마,12,31,겨울,쾌청,쾌청,7.2,2.2,0
아오모리,1,1,겨울,눈,눈,0.9,4.3,2
아오모리,1,2,겨울,흐림,흐림,3.8,4.8,0
아오모리,1,3,겨울,비,비,3.9,3.6,0
아오모리,1,4,겨울,다소흐림,눈,1.1,3.3,6
아오모리,1,5,겨울,흐림,우박,-0.4,6.1,2
아오모리,1,6,겨울,흐림,맑음,0.7,5.4,2
아오모리,1,7,겨울,눈,맑음,-0.5,4.9,8.5
아오모리,1,8,겨울,맑음,맑음,0.6,5.8,2.5
아오모리,1,9,겨울,눈,눈,-0.9,4.1,5.5
아오모리,1,10,겨울,눈,눈,-1,5.4,5.5
아오모리,1,11,겨울,눈,눈,-4,4.1,12.5
아오모리,1,12,겨울,눈,눈,-3.2,5.5,4.5
아오모리,1,13,겨울,흐림,맑음,-1.8,3.1,2
아오모리,1,14,겨울,눈,눈,-2.2,4.5,10
아오모리,1,15,겨울,눈,맑음,-2.2,4.3,0.5
아오모리,1,16,겨울,눈,눈,-2.5,4.8,9.5
아오모리,1,17,겨울,눈,눈,-2.9,3.6,4
아오모리,1,18,겨울,눈,눈,0,7,34.5
아오모리,1,19,겨울,눈,눈,0.2,3.2,2
아오모리,1,20,겨울,눈,맑음,0.3,3.4,2.5
아오모리,1,21,겨울,눈,눈,-1,3.9,10.5
아오모리,1,22,겨울,눈,눈,-2.5,5.4,4.5
아오모리,1,23,겨울,눈,다소흐림,-2.7,4,3
아오모리,1,24,겨울,흐림,맑음,-2.5,3,0.5
아오모리,1,25,겨울,눈,눈,-2.2,4.4,8.5
아오모리,1,26,겨울,눈,맑음,0.8,4.1,0
아오모리,1,27,겨울,눈,눈,1.3,5.4,3
아오모리,1,28,겨울,흐림,흐림,0.4,5,0
아오모리,1,29,겨울,맑음,눈,-1.1,3.8,0
아오모리,1,30,겨울,눈,눈,-1.5,2.8,0
아오모리,1,31,겨울,눈,눈,-2.7,5.1,2.5
아오모리,2,1,겨울,눈,흐림,-3.7,4.1,3.5
아오모리,2,2,겨울,눈,눈,-3.5,4.3,7.5
아오모리,2,3,겨울,눈,눈,-1.8,3.8,1.5
아오모리,2,4,겨울,맑음,흐림,0.6,3.1,0
아오모리,2,5,겨울,눈,흐림,0.7,6.1,0
아오모리,2,6,겨울,눈,눈,-2.2,4.5,3
아오모리,2,7,겨울,맑음,눈,-3.3,4.7,5
아오모리,2,8,겨울,눈,맑음,0.5,2.2,3
아오모리,2,9,겨울,맑음,눈,1.2,3.7,3
아오모리,2,10,겨울,눈,눈,-0.7,5.5,1
아오모리,2,11,겨울,맑음,맑음,-0.2,3.3,0
아오모리,2,12,겨울,다소흐림,다소흐림,1,1.8,0
아오모리,2,13,겨울,흐림,비,5.8,3.2,0
아오모리,2,14,겨울,비,흐림,6.1,6.1,3.5
아오모리,2,15,겨울,눈,눈,-2.7,6.8,2
아오모리,2,16,겨울,눈,눈,-2.6,4.5,2
아오모리,2,17,겨울,눈,흐림,-2.1,5,6.5
아오모리,2,18,겨울,맑음,비,2.4,3.6,3.5
아오모리,2,19,겨울,흐림,비,4,4.3,1
아오모리,2,20,겨울,다소흐림,비,3,3.5,1.5
아오모리,2,21,겨울,비,눈,1.5,5.8,9.5
아오모리,2,22,겨울,흐림,흐림,-0.7,4.6,0
아오모리,2,23,겨울,흐림,다소흐림,1.2,3.4,3
아오모리,2,24,겨울,눈,눈,-3,4.6,5
아오모리,2,25,겨울,맑음,맑음,-3.3,4,4
아오모리,2,26,겨울,눈,눈,-2.4,4.1,2.5
아오모리,2,27,겨울,맑음,흐림,-1.5,3.3,2
아오모리,2,28,겨울,쾌청,쾌청,0.1,2.3,0.5
아오모리,2,29,겨울,비,비,3.8,7,3
아오모리,3,1,봄,눈,눈,-1.7,7.8,5
아오모리,3,2,봄,눈,눈,-1.6,4.2,4
아오모리,3,3,봄,눈,진눈깨비,0.5,2.5,6
아오모리,3,4,봄,흐림,맑음,0.8,2.4,0
아오모리,3,5,봄,쾌청,맑음,1.2,3.1,0
아오모리,3,6,봄,흐림,흐림,4.6,1.7,2.5
아오모리,3,7,봄,흐림,맑음,6.5,2.8,5
아오모리,3,8,봄,흐림,비,5.3,5.2,0
아오모리,3,9,봄,눈,흐림,1.1,4.3,0
아오모리,3,10,봄,맑음,흐림,-0.1,2.7,0
아오모리,3,11,봄,눈,맑음,-0.7,4.2,2.5
아오모리,3,12,봄,맑음,흐림,0.3,3.3,1.5
아오모리,3,13,봄,다소흐림,흐림,2.5,2.6,0
아오모리,3,14,봄,쾌청,흐림,3.5,2.1,0
아오모리,3,15,봄,쾌청,맑음,3.5,5,0
아오모리,3,16,봄,쾌청,맑음,7.8,6,0
아오모리,3,17,봄,쾌청,쾌청,10.9,5.1,0
아오모리,3,18,봄,흐림,다소흐림,10.2,3,0
아오모리,3,19,봄,비,비,8.7,2.4,10
아오모리,3,20,봄,흐림,맑음,4.9,4.2,1
아오모리,3,21,봄,맑음,맑음,3.1,4.7,0
아오모리,3,22,봄,비,비,3.2,3.6,8.5
아오모리,3,23,봄,진눈깨비,흐림,3.2,4.9,0
아오모리,3,24,봄,흐림,우박,1.6,3.5,2
아오모리,3,25,봄,맑음,흐림,2.7,3.7,1
아오모리,3,26,봄,맑음,맑음,4.5,3.3,1
아오모리,3,27,봄,맑음,맑음,7.2,4.1,0
아오모리,3,28,봄,흐림,쾌청,7.5,4.8,0
아오모리,3,29,봄,다소흐림,다소흐림,8.1,2.7,0
아오모리,3,30,봄,다소흐림,비,7.3,3.6,4
아오모리,3,31,봄,맑음,쾌청,7.3,5,0
아오모리,4,1,봄,맑음,맑음,5.8,4.6,0
아오모리,4,2,봄,맑음,다소흐림,8.7,4.9,0
아오모리,4,3,봄,비,흐림,8.1,2.5,17.5
아오모리,4,4,봄,비,맑음,5.6,2.9,5.5
아오모리,4,5,봄,쾌청,쾌청,9.7,4.7,0.5
아오모리,4,6,봄,맑음,맑음,8.5,4.9,0
아오모리,4,7,봄,흐림,비,7.1,2.5,6
아오모리,4,8,봄,맑음,흐림,9,3.8,4.5
아오모리,4,9,봄,다소흐림,다소흐림,9.6,5.8,0
아오모리,4,10,봄,흐림,다소흐림,6.4,3.2,0
아오모리,4,11,봄,흐림,진눈깨비,3.3,4,4
아오모리,4,12,봄,맑음,다소흐림,6.8,4.4,0
아오모리,4,13,봄,다소흐림,비,11.2,3.4,6.5
아오모리,4,14,봄,흐림,흐림,11.4,2.2,9.5
아오모리,4,15,봄,흐림,흐림,7.3,7.1,1
아오모리,4,16,봄,다소흐림,흐림,9.9,3.7,0
아오모리,4,17,봄,흐림,비,10.5,6.2,5
아오모리,4,18,봄,흐림,흐림,10.9,6.7,0
아오모리,4,19,봄,흐림,흐림,8.6,5.3,0
아오모리,4,20,봄,맑음,흐림,12.3,5.5,0
아오모리,4,21,봄,다소흐림,흐림,15.5,4.9,0
아오모리,4,22,봄,쾌청,쾌청,12.9,3.6,1.5
아오모리,4,23,봄,다소흐림,비,10.3,2.8,0
아오모리,4,24,봄,쾌청,쾌청,12,4.6,0
아오모리,4,25,봄,쾌청,쾌청,10.4,2.5,0
아오모리,4,26,봄,맑음,맑음,11.3,3,0
아오모리,4,27,봄,맑음,맑음,10.8,4.1,0
아오모리,4,28,봄,흐림,비,8.7,4.1,17
아오모리,4,29,봄,비,비,6.6,5.3,14.5
아오모리,4,30,봄,흐림,맑음,7.7,6,0
아오모리,5,1,봄,흐림,맑음,8,2.2,0
아오모리,5,2,봄,맑음,다소흐림,11,2.4,0
아오모리,5,3,봄,다소흐림,다소흐림,14,2,0
아오모리,5,4,봄,비,흐림,15.3,5.1,2.5
아오모리,5,5,봄,흐림,흐림,15,7.5,0
아오모리,5,6,봄,흐림,흐림,14.5,3.3,0.5
아오모리,5,7,봄,흐림,쾌청,14.5,5.4,5.5
아오모리,5,8,봄,쾌청,쾌청,14.6,5.9,0
아오모리,5,9,봄,맑음,맑음,12.5,2.4,0
아오모리,5,10,봄,흐림,비,12.1,7.2,5
아오모리,5,11,봄,비,흐림,12,6.3,10.5
아오모리,5,12,봄,흐림,맑음,12,5.8,1.5
아오모리,5,13,봄,다소흐림,다소흐림,15.1,3.3,0
아오모리,5,14,봄,쾌청,맑음,15.1,4,0
아오모리,5,15,봄,다소흐림,다소흐림,15.2,3.3,0
아오모리,5,16,봄,다소흐림,다소흐림,13.8,2.6,0
아오모리,5,17,봄,다소흐림,쾌청,14.3,2.9,3
아오모리,5,18,봄,맑음,쾌청,16.6,2.8,0
아오모리,5,19,봄,쾌청,쾌청,14.6,2.3,0
아오모리,5,20,봄,다소흐림,다소흐림,15.8,2.6,0
아오모리,5,21,봄,맑음,맑음,15.1,2.7,0
아오모리,5,22,봄,쾌청,쾌청,19.6,2.2,0
아오모리,5,23,봄,다소흐림,다소흐림,19.7,3.2,0
아오모리,5,24,봄,다소흐림,흐림,17.6,2.8,0
아오모리,5,25,봄,흐림,흐림,19.2,5.1,0
아오모리,5,26,봄,다소흐림,흐림,21,3.8,3
아오모리,5,27,봄,다소흐림,맑음,18.6,4.5,0
아오모리,5,28,봄,쾌청,쾌청,18.2,3.1,0
아오모리,5,29,봄,쾌청,흐림,17.4,2.7,0
아오모리,5,30,봄,다소흐림,맑음,18.2,3.3,0
아오모리,5,31,봄,다소흐림,흐림,16.1,2.9,22
아오모리,6,1,여름,비,흐림,12.9,5.7,12.5
아오모리,6,2,여름,흐림,흐림,13,4.9,0
아오모리,6,3,여름,맑음,흐림,15.3,5.1,0
아오모리,6,4,여름,흐림,비,16.6,3.3,6.5
아오모리,6,5,여름,흐림,맑음,15.1,2.9,0
아오모리,6,6,여름,쾌청,다소흐림,15.5,2.1,0
아오모리,6,7,여름,맑음,다소흐림,17.7,2.2,0
아오모리,6,8,여름,흐림,비,17,1.6,0.5
아오모리,6,9,여름,비,비,16.9,1.4,19
아오모리,6,10,여름,맑음,맑음,18.3,4.2,0
아오모리,6,11,여름,맑음,다소흐림,17,2.9,0
아오모리,6,12,여름,흐림,흐림,18,2.9,0
아오모리,6,13,여름,비,비,17.6,1.8,1
아오모리,6,14,여름,비,비,18.2,3.3,1
아오모리,6,15,여름,다소흐림,다소흐림,19,3,0
아오모리,6,16,여름,흐림,비,17.2,2.2,5
아오모리,6,17,여름,비,비,18.8,2.4,17.5
아오모리,6,18,여름,흐림,흐림,17.7,3.8,0
아오모리,6,19,여름,다소흐림,다소흐림,17.9,2.7,0
아오모리,6,20,여름,비,흐림,18.4,2,7.5
아오모리,6,21,여름,흐림,맑음,19.4,3.7,0
아오모리,6,22,여름,흐림,다소흐림,18.7,3.4,0
아오모리,6,23,여름,다소흐림,흐림,17.1,5.1,0.5
아오모리,6,24,여름,흐림,흐림,17.6,2.2,0
아오모리,6,25,여름,흐림,맑음,22.4,6.1,1.5
아오모리,6,26,여름,흐림,흐림,16.6,7.4,0
아오모리,6,27,여름,흐림,맑음,17.6,3.9,0
아오모리,6,28,여름,흐림,맑음,17.9,2.3,0
아오모리,6,29,여름,다소흐림,다소흐림,18.3,1.9,0
아오모리,6,30,여름,다소흐림,맑음,19.3,2,0
아오모리,7,1,여름,맑음,맑음,21.4,2.1,0
아오모리,7,2,여름,다소흐림,비,22.8,3.6,6
아오모리,7,3,여름,흐림,맑음,22.1,6.8,0
아오모리,7,4,여름,비,흐림,18.9,4,0
아오모리,7,5,여름,다소흐림,흐림,19.6,4.8,0
아오모리,7,6,여름,비,비,16.2,3.6,48
아오모리,7,7,여름,흐림,흐림,18.5,4,0
아오모리,7,8,여름,흐림,맑음,20.3,2.6,0
아오모리,7,9,여름,흐림,흐림,21.7,2,0
아오모리,7,10,여름,맑음,맑음,22.6,4.1,0.5
아오모리,7,11,여름,흐림,맑음,20.1,4.1,0
아오모리,7,12,여름,다소흐림,맑음,21.5,3,0
아오모리,7,13,여름,맑음,맑음,22.4,3.3,0
아오모리,7,14,여름,흐림,비,19.9,3.5,24
아오모리,7,15,여름,흐림,흐림,20.3,5.1,0
아오모리,7,16,여름,맑음,흐림,20.6,3.2,0
아오모리,7,17,여름,비,비,19.6,1.9,2
아오모리,7,18,여름,흐림,비,21,1.9,6
아오모리,7,19,여름,흐림,흐림,22,3.2,0
아오모리,7,20,여름,흐림,흐림,21.2,2.6,0
아오모리,7,21,여름,흐림,다소흐림,20.7,2.6,0
아오모리,7,22,여름,맑음,쾌청,20.4,3.8,0
아오모리,7,23,여름,맑음,다소흐림,20.5,4.7,0
아오모리,7,24,여름,쾌청,쾌청,21.3,3.8,0
아오모리,7,25,여름,맑음,다소흐림,22,2.7,0
아오모리,7,26,여름,흐림,다소흐림,22.3,2.8,0
아오모리,7,27,여름,비,흐림,21.6,1.7,5.5
아오모리,7,28,여름,흐림,흐림,25.7,2.9,22.5
아오모리,7,29,여름,흐림,맑음,26,1.8,0
아오모리,7,30,여름,맑음,비,26.5,1.7,14
아오모리,7,31,여름,흐림,흐림,25.4,1.7,4
아오모리,8,1,여름,흐림,다소흐림,25.3,2.8,0
아오모리,8,2,여름,흐림,흐림,24.3,2,0
아오모리,8,3,여름,흐림,맑음,25.4,2.3,0
아오모리,8,4,여름,다소흐림,맑음,26.3,3.7,0
아오모리,8,5,여름,맑음,맑음,27.6,4.5,0
아오모리,8,6,여름,맑음,맑음,26.2,2.3,0
아오모리,8,7,여름,맑음,쾌청,26.2,2.8,0
아오모리,8,8,여름,맑음,맑음,26.6,2.4,0
아오모리,8,9,여름,흐림,맑음,25.9,4.9,0
아오모리,8,10,여름,흐림,맑음,23.5,4.3,0
아오모리,8,11,여름,쾌청,쾌청,23.6,2.5,0
아오모리,8,12,여름,쾌청,쾌청,23.9,2.5,0
아오모리,8,13,여름,쾌청,쾌청,24,3.3,0
아오모리,8,14,여름,맑음,맑음,23.7,3.2,0
아오모리,8,15,여름,쾌청,다소흐림,24.5,2.3,0.5
아오모리,8,16,여름,흐림,흐림,24.1,2,1
아오모리,8,17,여름,비,비,23.2,3.5,74.5
아오모리,8,18,여름,맑음,맑음,25.3,3,0
아오모리,8,19,여름,흐림,흐림,24.4,2.1,0
아오모리,8,20,여름,흐림,흐림,25.4,2.1,2.5
아오모리,8,21,여름,맑음,흐림,24.8,3.8,0.5
아오모리,8,22,여름,흐림,비,24.1,2.4,48
아오모리,8,23,여름,맑음,맑음,24.6,3.9,33
아오모리,8,24,여름,쾌청,쾌청,24,2.9,0
아오모리,8,25,여름,쾌청,맑음,24.4,1.9,0
아오모리,8,26,여름,흐림,비,21.9,2.4,30.5
아오모리,8,27,여름,맑음,쾌청,20.2,3.6,0
아오모리,8,28,여름,맑음,맑음,21.6,5.7,0
아오모리,8,29,여름,비,비,24.4,7.4,0
아오모리,8,30,여름,비,비,24.9,9.7,61
아오모리,8,31,여름,맑음,맑음,24.3,2.5,0
아오모리,9,1,가을,맑음,쾌청,23.8,2,0
아오모리,9,2,가을,맑음,맑음,23.9,3.6,0
아오모리,9,3,가을,맑음,맑음,24.2,3.4,0
아오모리,9,4,가을,맑음,맑음,23.5,2.6,0
아오모리,9,5,가을,맑음,맑음,23.9,2.4,4
아오모리,9,6,가을,흐림,흐림,24,3.5,10.5
아오모리,9,7,가을,다소흐림,흐림,23.9,2.6,0
아오모리,9,8,가을,흐림,비,20.6,5.2,19.5
아오모리,9,9,가을,비,맑음,19.9,3.5,9
아오모리,9,10,가을,흐림,맑음,20.9,4.1,3
아오모리,9,11,가을,다소흐림,맑음,20.2,2.8,0
아오모리,9,12,가을,다소흐림,흐림,20.1,3.1,0
아오모리,9,13,가을,비,비,19.9,4.3,1.5
아오모리,9,14,가을,흐림,비,20.6,2.1,0.5
아오모리,9,15,가을,맑음,맑음,21.5,2,0
아오모리,9,16,가을,맑음,맑음,21.2,1.8,0
아오모리,9,17,가을,흐림,비,20.9,2.8,15.5
아오모리,9,18,가을,맑음,흐림,19.6,3.1,0
아오모리,9,19,가을,흐림,맑음,17.5,2.7,0
아오모리,9,20,가을,흐림,흐림,16.6,2.4,0
아오모리,9,21,가을,쾌청,맑음,17.3,3.1,0
아오모리,9,22,가을,흐림,흐림,18.2,2.3,9.5
아오모리,9,23,가을,비,흐림,19.1,1.8,13
아오모리,9,24,가을,다소흐림,다소흐림,20.6,2.1,0
아오모리,9,25,가을,맑음,흐림,20.5,1.9,0
아오모리,9,26,가을,다소흐림,맑음,21.2,2.3,0
아오모리,9,27,가을,흐림,흐림,20.3,1.5,12
아오모리,9,28,가을,흐림,흐림,21.9,3.9,3
아오모리,9,29,가을,흐림,맑음,18.2,3.2,0
아오모리,9,30,가을,다소흐림,흐림,16.4,2.7,0
아오모리,10,1,가을,쾌청,맑음,18.3,2.5,0
아오모리,10,2,가을,다소흐림,맑음,18.3,2.6,0
아오모리,10,3,가을,흐림,비,18.8,3.2,33
아오모리,10,4,가을,맑음,맑음,17.2,5.8,1.5
아오모리,10,5,가을,다소흐림,비,14.5,2.2,22
아오모리,10,6,가을,비,흐림,15.8,5.2,2
아오모리,10,7,가을,맑음,맑음,13.7,5.2,0.5
아오모리,10,8,가을,비,비,12.7,2.4,30
아오모리,10,9,가을,맑음,흐림,14.7,5.5,4.5
아오모리,10,10,가을,맑음,흐림,11.2,4.1,3.5
아오모리,10,11,가을,흐림,맑음,13.4,4.1,2
아오모리,10,12,가을,비,비,11.3,3.3,1.5
아오모리,10,13,가을,흐림,맑음,11.4,3.9,4.5
아오모리,10,14,가을,쾌청,흐림,12,3.2,0
아오모리,10,15,가을,쾌청,쾌청,11.7,1.9,0
아오모리,10,16,가을,맑음,다소흐림,15,2.6,0
아오모리,10,17,가을,흐림,흐림,17.2,3.3,0
아오모리,10,18,가을,맑음,맑음,16.2,3.8,0
아오모리,10,19,가을,쾌청,쾌청,13,2.3,0
아오모리,10,20,가을,흐림,맑음,11.1,6,5
아오모리,10,21,가을,맑음,맑음,9.6,5.4,0
아오모리,10,22,가을,다소흐림,흐림,11.4,3.4,1.5
아오모리,10,23,가을,흐림,맑음,9.5,3.9,0.5
아오모리,10,24,가을,비,흐림,9,4.6,5
아오모리,10,25,가을,맑음,흐림,10.6,2.8,12
아오모리,10,26,가을,맑음,다소흐림,14.1,5.1,2.5
아오모리,10,27,가을,맑음,흐림,9.6,5.8,0
아오모리,10,28,가을,흐림,흐림,10,3.8,0
아오모리,10,29,가을,맑음,흐림,7.1,4.6,1
아오모리,10,30,가을,흐림,비,6.5,4.4,0
아오모리,10,31,가을,비,비,7.4,4.2,14.5
아오모리,11,1,가을,비,비,4.9,2.6,2
아오모리,11,2,가을,맑음,맑음,5.9,2.6,0
아오모리,11,3,가을,비,맑음,5.5,3.4,7
아오모리,11,4,가을,맑음,흐림,6.5,5,6.5
아오모리,11,5,가을,비,비,11,4.2,6.5
아오모리,11,6,가을,비,흐림,4.8,4.7,2
아오모리,11,7,가을,맑음,쾌청,5.3,2.4,0
아오모리,11,8,가을,흐림,비,6.1,3.5,6
아오모리,11,9,가을,맑음,눈,1.7,5.8,10.5
아오모리,11,10,가을,눈,흐림,2.3,4.1,0.5
아오모리,11,11,가을,흐림,비,4.6,2.4,1
아오모리,11,12,가을,맑음,쾌청,10.2,4.2,0.5
아오모리,11,13,가을,비,흐림,9.1,3.6,2
아오모리,11,14,가을,쾌청,쾌청,6.9,1.8,0
아오모리,11,15,가을,흐림,맑음,10.9,5.9,10.5
아오모리,11,16,가을,흐림,맑음,3.9,5.6,3
아오모리,11,17,가을,진눈깨비,눈,3.9,4.8,0.5
아오모리,11,18,가을,쾌청,맑음,8.2,5.1,0
아오모리,11,19,가을,흐림,흐림,9.4,2.5,0
아오모리,11,20,가을,비,흐림,8.3,4,0
아오모리,11,21,가을,흐림,흐림,4.4,2.6,0
아오모리,11,22,가을,흐림,흐림,3.5,3.1,6
아오모리,11,23,가을,눈,눈,-1.1,3.8,5
아오모리,11,24,가을,흐림,맑음,-0.8,2.6,0
아오모리,11,25,가을,눈,흐림,1.1,3.5,3
아오모리,11,26,가을,맑음,다소흐림,2.1,2.2,0
아오모리,11,27,가을,다소흐림,흐림,5.3,3,2.5
아오모리,11,28,가을,맑음,진눈깨비,3.2,4.5,6.5
아오모리,11,29,가을,눈,눈,0.5,5.2,8
아오모리,11,30,가을,흐림,흐림,0.9,2.4,0.5
아오모리,12,1,겨울,비,비,3.5,3.3,16.5
아오모리,12,2,겨울,눈,우박,4,9.5,2.5
아오모리,12,3,겨울,쾌청,쾌청,5.1,4.1,0
아오모리,12,4,겨울,흐림,맑음,8.2,3.6,0
아오모리,12,5,겨울,비,흐림,8.8,2.6,3
아오모리,12,6,겨울,비,눈,1.9,5.9,16
아오모리,12,7,겨울,눈,눈,-1.5,3.9,2.5
아오모리,12,8,겨울,눈,맑음,0,2.9,1.5
아오모리,12,9,겨울,비,다소흐림,3.2,3.1,4.5
아오모리,12,10,겨울,맑음,눈,-0.3,5.1,7.5
아오모리,12,11,겨울,눈,눈,-2.3,3.3,6.5
아오모리,12,12,겨울,맑음,흐림,-1.5,2.4,0.5
아오모리,12,13,겨울,비,비,2.5,3.1,4.5
아오모리,12,14,겨울,눈,눈,1.4,2.5,1.5
아오모리,12,15,겨울,흐림,눈,-1.2,4,14
아오모리,12,16,겨울,눈,눈,-2.9,4.3,11
아오모리,12,17,겨울,눈,눈,-0.6,5.3,3
아오모리,12,18,겨울,쾌청,비,5.1,5.8,0
아오모리,12,19,겨울,쾌청,쾌청,4.6,3.7,0
아오모리,12,20,겨울,맑음,흐림,4.1,2.7,0
아오모리,12,21,겨울,흐림,다소흐림,3.6,2.7,0.5
아오모리,12,22,겨울,흐림,비,4.5,2.4,25
아오모리,12,23,겨울,맑음,비,6,6.5,8
아오모리,12,24,겨울,흐림,눈,0.4,4.9,6
아오모리,12,25,겨울,맑음,눈,1,3.7,0
아오모리,12,26,겨울,다소흐림,흐림,4.9,4.6,0
아오모리,12,27,겨울,눈,눈,0.7,2.9,21
아오모리,12,28,겨울,맑음,눈,-0.9,4.6,0
아오모리,12,29,겨울,진눈깨비,눈,-0.3,4,10.5
아오모리,12,30,겨울,눈,눈,-1.2,5.1,2
아오모리,12,31,겨울,흐림,흐림,2,4.3,1
